"","ntpos","resPos","wtNT","mutNT","ORF","count","coverage","freq","synNonsyn","mutClass","wtCodon","muCodon","wtRes","muRes","acidic_wt","acyclic_wt","aliphatic_wt","aromatic_wt","basic_wt","buried_wt","charged_wt","cyclic_wt","hydrophobic_wt","large_wt","medium_wt","negative_wt","neutral_wt","polar_wt","positive_wt","small_wt","surface_wt","stop_wt","acidic_mu","acyclic_mu","aliphatic_mu","aromatic_mu","basic_mu","buried_mu","charged_mu","cyclic_mu","hydrophobic_mu","large_mu","medium_mu","negative_mu","neutral_mu","polar_mu","positive_mu","small_mu","surface_mu","stop_mu","name","HsN"
"28942",7236,2312,"T","C",0,4640,4651,0.997634917222,"S","S","GCT","GCC","A","A",0,1,1,0,0,1,0,0,1,0,0,0,1,0,0,1,0,0,0,1,1,0,0,1,0,0,1,0,0,0,1,0,0,1,0,0,"1-Q20",-1.02608860816635
"66002",7236,0,"T","C",1,4640,4651,0.997634917222,"U","U","U","U","U","U",0,0,0,0,0,0,0,0,0,0,0,0,0,0,0,0,0,0,0,0,0,0,0,0,0,0,0,0,0,0,0,0,0,0,0,0,"1-Q20",-1.02608860816635
"33009",8253,2651,"G","A",0,4140,4173,0.992092020129,"S","S","AAG","AAA","K","K",0,1,0,0,1,0,1,0,0,1,0,0,0,1,1,0,1,0,0,1,0,0,1,0,1,0,0,1,0,0,0,1,1,0,1,0,"1-Q20",NA
"70069",8253,0,"G","A",1,4140,4173,0.992092020129,"U","U","U","U","U","U",0,0,0,0,0,0,0,0,0,0,0,0,0,0,0,0,0,0,0,0,0,0,0,0,0,0,0,0,0,0,0,0,0,0,0,0,"1-Q20",NA
"4094",1024,242,"T","C",0,3450,3479,0.991664271342,"NS","NC","TCC","CCC","S","P",0,1,0,0,0,0,0,0,0,0,0,0,1,1,0,1,1,0,0,0,0,0,0,0,0,1,1,0,1,0,1,0,0,0,1,0,"1-Q20",NA
"41154",1024,175,"T","C",1,3450,3479,0.991664271342,"S","S","AAT","AAC","N","N",0,1,0,0,0,0,0,0,0,0,1,0,1,1,0,0,1,0,0,1,0,0,0,0,0,0,0,0,1,0,1,1,0,0,1,0,"1-Q20",NA
"31378",7845,2515,"T","C",0,276,3319,0.0831575775836,"S","S","TGT","TGC","C","C",0,1,0,0,0,1,0,0,0,0,1,0,1,1,0,0,0,0,0,1,0,0,0,1,0,0,0,0,1,0,1,1,0,0,0,0,"1-Q20",NA
"68438",7845,0,"T","C",1,276,3319,0.0831575775836,"U","U","U","U","U","U",0,0,0,0,0,0,0,0,0,0,0,0,0,0,0,0,0,0,0,0,0,0,0,0,0,0,0,0,0,0,0,0,0,0,0,0,"1-Q20",NA
"1112",278,0,"A","T",0,33,647,0.0510046367852,"U","U","U","U","U","U",0,0,0,0,0,0,0,0,0,0,0,0,0,0,0,0,0,0,0,0,0,0,0,0,0,0,0,0,0,0,0,0,0,0,0,0,"1-Q20",NA
"38172",278,0,"A","T",1,33,647,0.0510046367852,"U","U","U","U","U","U",0,0,0,0,0,0,0,0,0,0,0,0,0,0,0,0,0,0,0,0,0,0,0,0,0,0,0,0,0,0,0,0,0,0,0,0,"1-Q20",NA
"16287",4072,1258,"A","G",0,115,2797,0.0411154808724,"NS","C","AAT","GAT","N","D",0,1,0,0,0,0,0,0,0,0,1,0,1,1,0,0,1,0,1,1,0,0,0,0,1,0,0,0,1,1,0,1,0,0,1,0,"1-Q20",NA
"53347",4072,0,"A","G",1,115,2797,0.0411154808724,"U","U","U","U","U","U",0,0,0,0,0,0,0,0,0,0,0,0,0,0,0,0,0,0,0,0,0,0,0,0,0,0,0,0,0,0,0,0,0,0,0,0,"1-Q20",NA
"3434",859,187,"T","C",0,133,3543,0.037538808919,"NS","NC","TGT","CGT","C","R",0,1,0,0,0,1,0,0,0,0,1,0,1,1,0,0,0,0,0,1,0,0,1,0,1,0,0,1,0,0,0,1,1,0,1,0,"1-Q20",NA
"40494",859,120,"T","C",1,133,3543,0.037538808919,"S","S","TTT","TTC","F","F",0,0,0,1,0,1,0,1,1,1,0,0,1,0,0,0,0,0,0,0,0,1,0,1,0,1,1,1,0,0,1,0,0,0,0,0,"1-Q20",NA
"31892",7973,2558,"C","T",0,30,1236,0.0242718446602,"NS","NS","ACT","ATT","T","I",0,1,0,0,0,0,0,0,0,0,1,0,1,1,0,0,1,0,0,1,1,0,0,1,0,0,1,1,0,0,1,0,0,0,0,0,"1-Q20",NA
"68952",7973,0,"C","T",1,30,1236,0.0242718446602,"U","U","U","U","U","U",0,0,0,0,0,0,0,0,0,0,0,0,0,0,0,0,0,0,0,0,0,0,0,0,0,0,0,0,0,0,0,0,0,0,0,0,"1-Q20",NA
"2070",518,73,"T","C",0,26,1302,0.0199692780338,"NS","NS","GTG","GCG","V","A",0,1,1,0,0,1,0,0,1,0,1,0,1,0,0,0,0,0,0,1,1,0,0,1,0,0,1,0,0,0,1,0,0,1,0,0,"1-Q20",NA
"39130",518,7,"T","C",1,26,1302,0.0199692780338,"NS","NC","TGC","CGC","C","R",0,1,0,0,0,1,0,0,0,0,1,0,1,1,0,0,0,0,0,1,0,0,1,0,1,0,0,1,0,0,0,1,1,0,1,0,"1-Q20",NA
"25441",6361,2021,"G","A",0,44,3132,0.0140485312899,"NS","NS","GTT","ATT","V","I",0,1,1,0,0,1,0,0,1,0,1,0,1,0,0,0,0,0,0,1,1,0,0,1,0,0,1,1,0,0,1,0,0,0,0,0,"1-Q20",NA
"62501",6361,0,"G","A",1,44,3132,0.0140485312899,"U","U","U","U","U","U",0,0,0,0,0,0,0,0,0,0,0,0,0,0,0,0,0,0,0,0,0,0,0,0,0,0,0,0,0,0,0,0,0,0,0,0,"1-Q20",NA
"24583",6146,1949,"A","G",0,41,3826,0.0107161526398,"S","S","TAA","TGA","*","*",0,0,0,0,0,0,0,0,0,0,0,0,0,0,0,0,0,1,0,0,0,0,0,0,0,0,0,0,0,0,0,0,0,0,0,1,"1-Q20",NA
"61643",6146,0,"A","G",1,41,3826,0.0107161526398,"U","U","U","U","U","U",0,0,0,0,0,0,0,0,0,0,0,0,0,0,0,0,0,0,0,0,0,0,0,0,0,0,0,0,0,0,0,0,0,0,0,0,"1-Q20",NA
"22576",5644,1782,"C","T",0,19,1838,0.0103373231774,"NS","NC","CGC","TGC","R","C",0,1,0,0,1,0,1,0,0,1,0,0,0,1,1,0,1,0,0,1,0,0,0,1,0,0,0,0,1,0,1,1,0,0,0,0,"1-Q20",NA
"59636",5644,0,"C","T",1,19,1838,0.0103373231774,"U","U","U","U","U","U",0,0,0,0,0,0,0,0,0,0,0,0,0,0,0,0,0,0,0,0,0,0,0,0,0,0,0,0,0,0,0,0,0,0,0,0,"1-Q20",NA
"31617",7905,2535,"G","A",0,17,1876,0.0090618336887,"S","S","ACG","ACA","T","T",0,1,0,0,0,0,0,0,0,0,1,0,1,1,0,0,1,0,0,1,0,0,0,0,0,0,0,0,1,0,1,1,0,0,1,0,"1-Q20",NA
"68677",7905,0,"G","A",1,17,1876,0.0090618336887,"U","U","U","U","U","U",0,0,0,0,0,0,0,0,0,0,0,0,0,0,0,0,0,0,0,0,0,0,0,0,0,0,0,0,0,0,0,0,0,0,0,0,"1-Q20",NA
"24914",6229,1977,"T","C",0,27,3061,0.00882064684744,"NS","NS","TAT","CAT","Y","H",0,0,0,1,0,0,0,1,1,1,0,0,1,0,0,0,1,0,0,0,0,1,1,0,1,1,0,1,0,0,1,1,1,0,1,0,"1-Q20",NA
"61974",6229,0,"T","C",1,27,3061,0.00882064684744,"U","U","U","U","U","U",0,0,0,0,0,0,0,0,0,0,0,0,0,0,0,0,0,0,0,0,0,0,0,0,0,0,0,0,0,0,0,0,0,0,0,0,"1-Q20",NA
"8044",2011,571,"C","T",0,10,1380,0.00724637681159,"NS","NC","CCT","TCT","P","S",0,0,0,0,0,0,0,1,1,0,1,0,1,0,0,0,1,0,0,1,0,0,0,0,0,0,0,0,0,0,1,1,0,1,1,0,"1-Q20",NA
"45104",2011,504,"C","T",1,10,1380,0.00724637681159,"S","S","CCC","CCT","P","P",0,0,0,0,0,0,0,1,1,0,1,0,1,0,0,0,1,0,0,0,0,0,0,0,0,1,1,0,1,0,1,0,0,0,1,0,"1-Q20",NA
"8341",2086,596,"G","A",0,9,1300,0.00692307692308,"NS","NS","GTG","ATG","V","M",0,1,1,0,0,1,0,0,1,0,1,0,1,0,0,0,0,0,0,1,0,0,0,1,0,0,1,1,0,0,1,0,0,0,0,0,"1-Q20",NA
"45401",2086,529,"G","A",1,9,1300,0.00692307692308,"S","S","TCG","TCA","S","S",0,1,0,0,0,0,0,0,0,0,0,0,1,1,0,1,1,0,0,1,0,0,0,0,0,0,0,0,0,0,1,1,0,1,1,0,"1-Q20",NA
"34065",8517,2739,"G","A",0,22,3561,0.00617803987644,"S","S","ACG","ACA","T","T",0,1,0,0,0,0,0,0,0,0,1,0,1,1,0,0,1,0,0,1,0,0,0,0,0,0,0,0,1,0,1,1,0,0,1,0,"1-Q20",NA
"71125",8517,0,"G","A",1,22,3561,0.00617803987644,"U","U","U","U","U","U",0,0,0,0,0,0,0,0,0,0,0,0,0,0,0,0,0,0,0,0,0,0,0,0,0,0,0,0,0,0,0,0,0,0,0,0,"1-Q20",NA
"23060",5765,1822,"A","T",0,14,2485,0.0056338028169,"NS","NS","TAT","TTT","Y","F",0,0,0,1,0,0,0,1,1,1,0,0,1,0,0,0,1,0,0,0,0,1,0,1,0,1,1,1,0,0,1,0,0,0,0,0,"1-Q20",NA
"60120",5765,0,"A","T",1,14,2485,0.0056338028169,"U","U","U","U","U","U",0,0,0,0,0,0,0,0,0,0,0,0,0,0,0,0,0,0,0,0,0,0,0,0,0,0,0,0,0,0,0,0,0,0,0,0,"1-Q20",NA
"33948",8487,2729,"C","T",0,20,3906,0.00512032770097,"S","S","GGC","GGT","G","G",0,1,1,0,0,0,0,0,1,0,0,0,1,0,0,1,1,0,0,1,1,0,0,0,0,0,1,0,0,0,1,0,0,1,1,0,"1-Q20",NA
"71008",8487,0,"C","T",1,20,3906,0.00512032770097,"U","U","U","U","U","U",0,0,0,0,0,0,0,0,0,0,0,0,0,0,0,0,0,0,0,0,0,0,0,0,0,0,0,0,0,0,0,0,0,0,0,0,"1-Q20",NA
"17680",4420,1374,"C","T",0,4,859,0.0046565774156,"NS","NS","CTC","TTC","L","F",0,1,1,0,0,1,0,0,1,1,0,0,1,0,0,0,0,0,0,0,0,1,0,1,0,1,1,1,0,0,1,0,0,0,0,0,"1-Q20",NA
"54740",4420,0,"C","T",1,4,859,0.0046565774156,"U","U","U","U","U","U",0,0,0,0,0,0,0,0,0,0,0,0,0,0,0,0,0,0,0,0,0,0,0,0,0,0,0,0,0,0,0,0,0,0,0,0,"1-Q20",NA
"23904",5976,1892,"C","T",0,6,1316,0.00455927051672,"S","S","GGC","GGT","G","G",0,1,1,0,0,0,0,0,1,0,0,0,1,0,0,1,1,0,0,1,1,0,0,0,0,0,1,0,0,0,1,0,0,1,1,0,"1-Q20",NA
"60964",5976,0,"C","T",1,6,1316,0.00455927051672,"U","U","U","U","U","U",0,0,0,0,0,0,0,0,0,0,0,0,0,0,0,0,0,0,0,0,0,0,0,0,0,0,0,0,0,0,0,0,0,0,0,0,"1-Q20",NA
"31501",7876,2526,"G","A",0,13,2877,0.00451859575947,"NS","C","GAT","AAT","D","N",1,1,0,0,0,0,1,0,0,0,1,1,0,1,0,0,1,0,0,1,0,0,0,0,0,0,0,0,1,0,1,1,0,0,1,0,"1-Q20",NA
"68561",7876,0,"G","A",1,13,2877,0.00451859575947,"U","U","U","U","U","U",0,0,0,0,0,0,0,0,0,0,0,0,0,0,0,0,0,0,0,0,0,0,0,0,0,0,0,0,0,0,0,0,0,0,0,0,"1-Q20",NA
"15939",3985,1229,"A","G",0,5,1176,0.00425170068027,"NS","C","ACG","GCG","T","A",0,1,0,0,0,0,0,0,0,0,1,0,1,1,0,0,1,0,0,1,1,0,0,1,0,0,1,0,0,0,1,0,0,1,0,0,"1-Q20",NA
"52999",3985,0,"A","G",1,5,1176,0.00425170068027,"U","U","U","U","U","U",0,0,0,0,0,0,0,0,0,0,0,0,0,0,0,0,0,0,0,0,0,0,0,0,0,0,0,0,0,0,0,0,0,0,0,0,"1-Q20",NA
"7187",1797,499,"A","G",0,8,2043,0.00391581008321,"S","S","TAA","TAG","*","*",0,0,0,0,0,0,0,0,0,0,0,0,0,0,0,0,0,1,0,0,0,0,0,0,0,0,0,0,0,0,0,0,0,0,0,1,"1-Q20",NA
"44247",1797,433,"A","G",1,8,2043,0.00391581008321,"NS","NS","AAT","AGT","N","S",0,1,0,0,0,0,0,0,0,0,1,0,1,1,0,0,1,0,0,1,0,0,0,0,0,0,0,0,0,0,1,1,0,1,1,0,"1-Q20",NA
"19937",4985,1562,"G","A",0,14,3589,0.00390080802452,"NS","NS","AGA","AAA","R","K",0,1,0,0,1,0,1,0,0,1,0,0,0,1,1,0,1,0,0,1,0,0,1,0,1,0,0,1,0,0,0,1,1,0,1,0,"1-Q20",-1.04421244953968
"56997",4985,0,"G","A",1,14,3589,0.00390080802452,"U","U","U","U","U","U",0,0,0,0,0,0,0,0,0,0,0,0,0,0,0,0,0,0,0,0,0,0,0,0,0,0,0,0,0,0,0,0,0,0,0,0,"1-Q20",-1.04421244953968
"27804",6951,2217,"C","T",0,27,6964,0.0038770821367,"S","S","GAC","GAT","D","D",1,1,0,0,0,0,1,0,0,0,1,1,0,1,0,0,1,0,1,1,0,0,0,0,1,0,0,0,1,1,0,1,0,0,1,0,"1-Q20",NA
"64864",6951,0,"C","T",1,27,6964,0.0038770821367,"U","U","U","U","U","U",0,0,0,0,0,0,0,0,0,0,0,0,0,0,0,0,0,0,0,0,0,0,0,0,0,0,0,0,0,0,0,0,0,0,0,0,"1-Q20",NA
"15764",3941,1214,"A","T",0,6,1548,0.00387596899225,"NS","X","TAA","TTA","*","L",0,0,0,0,0,0,0,0,0,0,0,0,0,0,0,0,0,1,0,1,1,0,0,1,0,0,1,1,0,0,1,0,0,0,0,0,"1-Q20",NA
"52824",3941,0,"A","T",1,6,1548,0.00387596899225,"U","U","U","U","U","U",0,0,0,0,0,0,0,0,0,0,0,0,0,0,0,0,0,0,0,0,0,0,0,0,0,0,0,0,0,0,0,0,0,0,0,0,"1-Q20",NA
"26266",6567,2089,"T","C",0,7,1870,0.00374331550802,"S","S","ACT","ACC","T","T",0,1,0,0,0,0,0,0,0,0,1,0,1,1,0,0,1,0,0,1,0,0,0,0,0,0,0,0,1,0,1,1,0,0,1,0,"1-Q20",NA
"63326",6567,0,"T","C",1,7,1870,0.00374331550802,"U","U","U","U","U","U",0,0,0,0,0,0,0,0,0,0,0,0,0,0,0,0,0,0,0,0,0,0,0,0,0,0,0,0,0,0,0,0,0,0,0,0,"1-Q20",NA
"3732",933,211,"C","T",0,4,1107,0.00361336946703,"S","S","TGC","TGT","C","C",0,1,0,0,0,1,0,0,0,0,1,0,1,1,0,0,0,0,0,1,0,0,0,1,0,0,0,0,1,0,1,1,0,0,0,0,"1-Q20",NA
"40792",933,145,"C","T",1,4,1107,0.00361336946703,"NS","NS","GCA","GTA","A","V",0,1,1,0,0,1,0,0,1,0,0,0,1,0,0,1,0,0,0,1,1,0,0,1,0,0,1,0,1,0,1,0,0,0,0,0,"1-Q20",NA
"36364",9091,2931,"C","T",0,5,1449,0.00345065562457,"NS","NC","CCC","TCC","P","S",0,0,0,0,0,0,0,1,1,0,1,0,1,0,0,0,1,0,0,1,0,0,0,0,0,0,0,0,0,0,1,1,0,1,1,0,"1-Q20",NA
"73424",9091,0,"C","T",1,5,1449,0.00345065562457,"U","U","U","U","U","U",0,0,0,0,0,0,0,0,0,0,0,0,0,0,0,0,0,0,0,0,0,0,0,0,0,0,0,0,0,0,0,0,0,0,0,0,"1-Q20",NA
"18025",4507,1403,"G","A",0,7,2100,0.00333333333333,"NS","NS","GTC","ATC","V","I",0,1,1,0,0,1,0,0,1,0,1,0,1,0,0,0,0,0,0,1,1,0,0,1,0,0,1,1,0,0,1,0,0,0,0,0,"1-Q20",NA
"55085",4507,0,"G","A",1,7,2100,0.00333333333333,"U","U","U","U","U","U",0,0,0,0,0,0,0,0,0,0,0,0,0,0,0,0,0,0,0,0,0,0,0,0,0,0,0,0,0,0,0,0,0,0,0,0,"1-Q20",NA
"24390",6098,1933,"T","C",0,11,3400,0.00323529411765,"NS","NS","TTC","TCC","F","S",0,0,0,1,0,1,0,1,1,1,0,0,1,0,0,0,0,0,0,1,0,0,0,0,0,0,0,0,0,0,1,1,0,1,1,0,"1-Q20",NA
"61450",6098,0,"T","C",1,11,3400,0.00323529411765,"U","U","U","U","U","U",0,0,0,0,0,0,0,0,0,0,0,0,0,0,0,0,0,0,0,0,0,0,0,0,0,0,0,0,0,0,0,0,0,0,0,0,"1-Q20",NA
"27300",6825,2175,"C","T",0,7,2218,0.00315599639315,"S","S","TAC","TAT","Y","Y",0,0,0,1,0,0,0,1,1,1,0,0,1,0,0,0,1,0,0,0,0,1,0,0,0,1,1,1,0,0,1,0,0,0,1,0,"1-Q20",NA
"64360",6825,0,"C","T",1,7,2218,0.00315599639315,"U","U","U","U","U","U",0,0,0,0,0,0,0,0,0,0,0,0,0,0,0,0,0,0,0,0,0,0,0,0,0,0,0,0,0,0,0,0,0,0,0,0,"1-Q20",NA
"22280",5570,1757,"C","T",0,4,1274,0.00313971742543,"NS","NS","ACT","ATT","T","I",0,1,0,0,0,0,0,0,0,0,1,0,1,1,0,0,1,0,0,1,1,0,0,1,0,0,1,1,0,0,1,0,0,0,0,0,"1-Q20",NA
"59340",5570,0,"C","T",1,4,1274,0.00313971742543,"U","U","U","U","U","U",0,0,0,0,0,0,0,0,0,0,0,0,0,0,0,0,0,0,0,0,0,0,0,0,0,0,0,0,0,0,0,0,0,0,0,0,"1-Q20",NA
"33142",8286,2662,"T","C",0,13,4191,0.00310188499165,"S","S","TGT","TGC","C","C",0,1,0,0,0,1,0,0,0,0,1,0,1,1,0,0,0,0,0,1,0,0,0,1,0,0,0,0,1,0,1,1,0,0,0,0,"1-Q20",NA
"70202",8286,0,"T","C",1,13,4191,0.00310188499165,"U","U","U","U","U","U",0,0,0,0,0,0,0,0,0,0,0,0,0,0,0,0,0,0,0,0,0,0,0,0,0,0,0,0,0,0,0,0,0,0,0,0,"1-Q20",NA
"20536",5134,1612,"A","T",0,6,1997,0.00300450676014,"NS","C","ACC","TCC","T","S",0,1,0,0,0,0,0,0,0,0,1,0,1,1,0,0,1,0,0,1,0,0,0,0,0,0,0,0,0,0,1,1,0,1,1,0,"1-Q20",NA
"57596",5134,0,"A","T",1,6,1997,0.00300450676014,"U","U","U","U","U","U",0,0,0,0,0,0,0,0,0,0,0,0,0,0,0,0,0,0,0,0,0,0,0,0,0,0,0,0,0,0,0,0,0,0,0,0,"1-Q20",NA
"12252",3063,921,"C","T",0,13,4327,0.00300439103305,"S","S","AGC","AGT","S","S",0,1,0,0,0,0,0,0,0,0,0,0,1,1,0,1,1,0,0,1,0,0,0,0,0,0,0,0,0,0,1,1,0,1,1,0,"1-Q20",NA
"49312",3063,855,"C","T",1,13,4327,0.00300439103305,"NS","NS","GCA","GTA","A","V",0,1,1,0,0,1,0,0,1,0,0,0,1,0,0,1,0,0,0,1,1,0,0,1,0,0,1,0,1,0,1,0,0,0,0,0,"1-Q20",NA
"22975",5744,1815,"A","G",0,9,3046,0.00295469468155,"NS","NS","CAA","CGA","Q","R",0,1,0,0,0,0,0,0,0,1,0,0,1,1,0,0,1,0,0,1,0,0,1,0,1,0,0,1,0,0,0,1,1,0,1,0,"1-Q20",NA
"60035",5744,0,"A","G",1,9,3046,0.00295469468155,"U","U","U","U","U","U",0,0,0,0,0,0,0,0,0,0,0,0,0,0,0,0,0,0,0,0,0,0,0,0,0,0,0,0,0,0,0,0,0,0,0,0,"1-Q20",NA
"20892",5223,1641,"C","T",0,5,1822,0.00274423710209,"S","S","TGC","TGT","C","C",0,1,0,0,0,1,0,0,0,0,1,0,1,1,0,0,0,0,0,1,0,0,0,1,0,0,0,0,1,0,1,1,0,0,0,0,"1-Q20",NA
"57952",5223,0,"C","T",1,5,1822,0.00274423710209,"U","U","U","U","U","U",0,0,0,0,0,0,0,0,0,0,0,0,0,0,0,0,0,0,0,0,0,0,0,0,0,0,0,0,0,0,0,0,0,0,0,0,"1-Q20",NA
"13646",3412,1038,"T","C",0,9,3319,0.0027116601386,"NS","X","TAA","CAA","*","Q",0,0,0,0,0,0,0,0,0,0,0,0,0,0,0,0,0,1,0,1,0,0,0,0,0,0,0,1,0,0,1,1,0,0,1,0,"1-Q20",NA
"50706",3412,971,"T","C",1,9,3319,0.0027116601386,"S","S","GAT","GAC","D","D",1,1,0,0,0,0,1,0,0,0,1,1,0,1,0,0,1,0,1,1,0,0,0,0,1,0,0,0,1,1,0,1,0,0,1,0,"1-Q20",NA
"28628",7157,2286,"C","T",0,17,6493,0.00261820421993,"NS","NS","TCT","TTT","S","F",0,1,0,0,0,0,0,0,0,0,0,0,1,1,0,1,1,0,0,0,0,1,0,1,0,1,1,1,0,0,1,0,0,0,0,0,"1-Q20",NA
"65688",7157,0,"C","T",1,17,6493,0.00261820421993,"U","U","U","U","U","U",0,0,0,0,0,0,0,0,0,0,0,0,0,0,0,0,0,0,0,0,0,0,0,0,0,0,0,0,0,0,0,0,0,0,0,0,"1-Q20",NA
"1645",412,38,"C","A",0,6,2297,0.00261210274271,"NS","C","CTT","ATT","L","I",0,1,1,0,0,1,0,0,1,1,0,0,1,0,0,0,0,0,0,1,1,0,0,1,0,0,1,1,0,0,1,0,0,0,0,0,"1-Q20",NA
"38705",412,0,"C","A",1,6,2297,0.00261210274271,"U","U","U","U","U","U",0,0,0,0,0,0,0,0,0,0,0,0,0,0,0,0,0,0,0,0,0,0,0,0,0,0,0,0,0,0,0,0,0,0,0,0,"1-Q20",NA
"22773",5694,1798,"C","A",0,7,2709,0.00258397932817,"NS","C","GAC","GAA","D","E",1,1,0,0,0,0,1,0,0,0,1,1,0,1,0,0,1,0,1,1,0,0,0,0,1,0,0,1,0,1,0,1,0,0,1,0,"1-Q20",NA
"59833",5694,0,"C","A",1,7,2709,0.00258397932817,"U","U","U","U","U","U",0,0,0,0,0,0,0,0,0,0,0,0,0,0,0,0,0,0,0,0,0,0,0,0,0,0,0,0,0,0,0,0,0,0,0,0,"1-Q20",NA
"27933",6984,2228,"G","A",0,10,4090,0.00244498777506,"S","S","ACG","ACA","T","T",0,1,0,0,0,0,0,0,0,0,1,0,1,1,0,0,1,0,0,1,0,0,0,0,0,0,0,0,1,0,1,1,0,0,1,0,"1-Q20",NA
"64993",6984,0,"G","A",1,10,4090,0.00244498777506,"U","U","U","U","U","U",0,0,0,0,0,0,0,0,0,0,0,0,0,0,0,0,0,0,0,0,0,0,0,0,0,0,0,0,0,0,0,0,0,0,0,0,"1-Q20",NA
"5655",1414,372,"A","G",0,5,2065,0.00242130750605,"NS","NS","AAA","GAA","K","E",0,1,0,0,1,0,1,0,0,1,0,0,0,1,1,0,1,0,1,1,0,0,0,0,1,0,0,1,0,1,0,1,0,0,1,0,"1-Q20",NA
"42715",1414,305,"A","G",1,5,2065,0.00242130750605,"S","S","CTA","CTG","L","L",0,1,1,0,0,1,0,0,1,1,0,0,1,0,0,0,0,0,0,1,1,0,0,1,0,0,1,1,0,0,1,0,0,0,0,0,"1-Q20",NA
"13040",3260,987,"G","T",0,5,2118,0.00236071765817,"NS","NS","TGC","TTC","C","F",0,1,0,0,0,1,0,0,0,0,1,0,1,1,0,0,0,0,0,0,0,1,0,1,0,1,1,1,0,0,1,0,0,0,0,0,"1-Q20",NA
"50100",3260,921,"G","T",1,5,2118,0.00236071765817,"NS","C","GCT","TCT","A","S",0,1,1,0,0,1,0,0,1,0,0,0,1,0,0,1,0,0,0,1,0,0,0,0,0,0,0,0,0,0,1,1,0,1,1,0,"1-Q20",NA
"17060",4265,1322,"G","T",0,4,1734,0.00230680507497,"NS","NS","TGT","TTT","C","F",0,1,0,0,0,1,0,0,0,0,1,0,1,1,0,0,0,0,0,0,0,1,0,1,0,1,1,1,0,0,1,0,0,0,0,0,"1-Q20",NA
"54120",4265,0,"G","T",1,4,1734,0.00230680507497,"U","U","U","U","U","U",0,0,0,0,0,0,0,0,0,0,0,0,0,0,0,0,0,0,0,0,0,0,0,0,0,0,0,0,0,0,0,0,0,0,0,0,"1-Q20",NA
"31448",7862,2521,"C","T",0,7,3092,0.0022639068564,"NS","NS","TCG","TTG","S","L",0,1,0,0,0,0,0,0,0,0,0,0,1,1,0,1,1,0,0,1,1,0,0,1,0,0,1,1,0,0,1,0,0,0,0,0,"1-Q20",NA
"68508",7862,0,"C","T",1,7,3092,0.0022639068564,"U","U","U","U","U","U",0,0,0,0,0,0,0,0,0,0,0,0,0,0,0,0,0,0,0,0,0,0,0,0,0,0,0,0,0,0,0,0,0,0,0,0,"1-Q20",NA
"16532",4133,1278,"G","T",0,6,2681,0.00223797090638,"NS","NC","AGT","ATT","S","I",0,1,0,0,0,0,0,0,0,0,0,0,1,1,0,1,1,0,0,1,1,0,0,1,0,0,1,1,0,0,1,0,0,0,0,0,"1-Q20",NA
"53592",4133,0,"G","T",1,6,2681,0.00223797090638,"U","U","U","U","U","U",0,0,0,0,0,0,0,0,0,0,0,0,0,0,0,0,0,0,0,0,0,0,0,0,0,0,0,0,0,0,0,0,0,0,0,0,"1-Q20",NA
"26024",6506,2069,"C","T",0,7,3133,0.00223428024258,"NS","NS","GCT","GTT","A","V",0,1,1,0,0,1,0,0,1,0,0,0,1,0,0,1,0,0,0,1,1,0,0,1,0,0,1,0,1,0,1,0,0,0,0,0,"1-Q20",NA
"63084",6506,0,"C","T",1,7,3133,0.00223428024258,"U","U","U","U","U","U",0,0,0,0,0,0,0,0,0,0,0,0,0,0,0,0,0,0,0,0,0,0,0,0,0,0,0,0,0,0,0,0,0,0,0,0,"1-Q20",NA
"34232",8558,2753,"C","T",0,4,1897,0.0021085925145,"NS","NS","ACC","ATC","T","I",0,1,0,0,0,0,0,0,0,0,1,0,1,1,0,0,1,0,0,1,1,0,0,1,0,0,1,1,0,0,1,0,0,0,0,0,"1-Q20",NA
"71292",8558,0,"C","T",1,4,1897,0.0021085925145,"U","U","U","U","U","U",0,0,0,0,0,0,0,0,0,0,0,0,0,0,0,0,0,0,0,0,0,0,0,0,0,0,0,0,0,0,0,0,0,0,0,0,"1-Q20",NA
"30762",7691,2464,"T","C",0,9,4271,0.00210723483962,"NS","NS","TTA","TCA","L","S",0,1,1,0,0,1,0,0,1,1,0,0,1,0,0,0,0,0,0,1,0,0,0,0,0,0,0,0,0,0,1,1,0,1,1,0,"1-Q20",NA
"67822",7691,0,"T","C",1,9,4271,0.00210723483962,"U","U","U","U","U","U",0,0,0,0,0,0,0,0,0,0,0,0,0,0,0,0,0,0,0,0,0,0,0,0,0,0,0,0,0,0,0,0,0,0,0,0,"1-Q20",NA
"33508",8377,2693,"A","T",0,10,4807,0.00208029956314,"NS","C","ACC","TCC","T","S",0,1,0,0,0,0,0,0,0,0,1,0,1,1,0,0,1,0,0,1,0,0,0,0,0,0,0,0,0,0,1,1,0,1,1,0,"1-Q20",-1.04063810141782
"70568",8377,0,"A","T",1,10,4807,0.00208029956314,"U","U","U","U","U","U",0,0,0,0,0,0,0,0,0,0,0,0,0,0,0,0,0,0,0,0,0,0,0,0,0,0,0,0,0,0,0,0,0,0,0,0,"1-Q20",-1.04063810141782
"25308",6327,2009,"G","T",0,6,2900,0.00206896551724,"NS","C","GAG","GAT","E","D",1,1,0,0,0,0,1,0,0,1,0,1,0,1,0,0,1,0,1,1,0,0,0,0,1,0,0,0,1,1,0,1,0,0,1,0,"1-Q20",NA
"62368",6327,0,"G","T",1,6,2900,0.00206896551724,"U","U","U","U","U","U",0,0,0,0,0,0,0,0,0,0,0,0,0,0,0,0,0,0,0,0,0,0,0,0,0,0,0,0,0,0,0,0,0,0,0,0,"1-Q20",NA
"20535",5134,1612,"A","G",0,4,1997,0.00200300450676,"NS","C","ACC","GCC","T","A",0,1,0,0,0,0,0,0,0,0,1,0,1,1,0,0,1,0,0,1,1,0,0,1,0,0,1,0,0,0,1,0,0,1,0,0,"1-Q20",NA
"57595",5134,0,"A","G",1,4,1997,0.00200300450676,"U","U","U","U","U","U",0,0,0,0,0,0,0,0,0,0,0,0,0,0,0,0,0,0,0,0,0,0,0,0,0,0,0,0,0,0,0,0,0,0,0,0,"1-Q20",NA
"15164",3791,1164,"G","T",0,4,2014,0.00198609731877,"NS","NS","GGC","GTC","G","V",0,1,1,0,0,0,0,0,1,0,0,0,1,0,0,1,1,0,0,1,1,0,0,1,0,0,1,0,1,0,1,0,0,0,0,0,"1-Q20",NA
"52224",3791,0,"G","T",1,4,2014,0.00198609731877,"U","U","U","U","U","U",0,0,0,0,0,0,0,0,0,0,0,0,0,0,0,0,0,0,0,0,0,0,0,0,0,0,0,0,0,0,0,0,0,0,0,0,"1-Q20",NA
"5656",1414,372,"A","T",0,4,2065,0.00193704600484,"NS","X","AAA","TAA","K","*",0,1,0,0,1,0,1,0,0,1,0,0,0,1,1,0,1,0,0,0,0,0,0,0,0,0,0,0,0,0,0,0,0,0,0,1,"1-Q20",NA
"42716",1414,305,"A","T",1,4,2065,0.00193704600484,"S","S","CTA","CTT","L","L",0,1,1,0,0,1,0,0,1,1,0,0,1,0,0,0,0,0,0,1,1,0,0,1,0,0,1,1,0,0,1,0,0,0,0,0,"1-Q20",NA
"17316",4329,1343,"C","T",0,6,3151,0.00190415741035,"S","S","TGC","TGT","C","C",0,1,0,0,0,1,0,0,0,0,1,0,1,1,0,0,0,0,0,1,0,0,0,1,0,0,0,0,1,0,1,1,0,0,0,0,"1-Q20",NA
"54376",4329,0,"C","T",1,6,3151,0.00190415741035,"U","U","U","U","U","U",0,0,0,0,0,0,0,0,0,0,0,0,0,0,0,0,0,0,0,0,0,0,0,0,0,0,0,0,0,0,0,0,0,0,0,0,"1-Q20",NA
"10766",2692,798,"T","C",0,6,3177,0.00188857412653,"NS","X","TGA","CGA","*","R",0,0,0,0,0,0,0,0,0,0,0,0,0,0,0,0,0,1,0,1,0,0,1,0,1,0,0,1,0,0,0,1,1,0,1,0,"1-Q20",NA
"47826",2692,731,"T","C",1,6,3177,0.00188857412653,"S","S","AGT","AGC","S","S",0,1,0,0,0,0,0,0,0,0,0,0,1,1,0,1,1,0,0,1,0,0,0,0,0,0,0,0,0,0,1,1,0,1,1,0,"1-Q20",NA
"16224",4056,1252,"G","T",0,4,2124,0.00188323917137,"S","S","GGG","GGT","G","G",0,1,1,0,0,0,0,0,1,0,0,0,1,0,0,1,1,0,0,1,1,0,0,0,0,0,1,0,0,0,1,0,0,1,1,0,"1-Q20",NA
"53284",4056,0,"G","T",1,4,2124,0.00188323917137,"U","U","U","U","U","U",0,0,0,0,0,0,0,0,0,0,0,0,0,0,0,0,0,0,0,0,0,0,0,0,0,0,0,0,0,0,0,0,0,0,0,0,"1-Q20",NA
"9400",2350,684,"C","T",0,6,3205,0.001872074883,"NS","NC","CCC","TCC","P","S",0,0,0,0,0,0,0,1,1,0,1,0,1,0,0,0,1,0,0,1,0,0,0,0,0,0,0,0,0,0,1,1,0,1,1,0,"1-Q20",NA
"46460",2350,617,"C","T",1,6,3205,0.001872074883,"S","S","AAC","AAT","N","N",0,1,0,0,0,0,0,0,0,0,1,0,1,1,0,0,1,0,0,1,0,0,0,0,0,0,0,0,1,0,1,1,0,0,1,0,"1-Q20",NA
"1732",433,45,"G","T",0,5,2678,0.00186706497386,"NS","C","GGC","TGC","G","C",0,1,1,0,0,0,0,0,1,0,0,0,1,0,0,1,1,0,0,1,0,0,0,1,0,0,0,0,1,0,1,1,0,0,0,0,"1-Q20",NA
"38792",433,0,"G","T",1,5,2678,0.00186706497386,"U","U","U","U","U","U",0,0,0,0,0,0,0,0,0,0,0,0,0,0,0,0,0,0,0,0,0,0,0,0,0,0,0,0,0,0,0,0,0,0,0,0,"1-Q20",NA
"32553",8139,2613,"G","A",0,8,4312,0.00185528756957,"S","S","GGG","GGA","G","G",0,1,1,0,0,0,0,0,1,0,0,0,1,0,0,1,1,0,0,1,1,0,0,0,0,0,1,0,0,0,1,0,0,1,1,0,"1-Q20",NA
"69613",8139,0,"G","A",1,8,4312,0.00185528756957,"U","U","U","U","U","U",0,0,0,0,0,0,0,0,0,0,0,0,0,0,0,0,0,0,0,0,0,0,0,0,0,0,0,0,0,0,0,0,0,0,0,0,"1-Q20",NA
"22776",5694,1798,"C","T",0,5,2709,0.00184569952012,"S","S","GAC","GAT","D","D",1,1,0,0,0,0,1,0,0,0,1,1,0,1,0,0,1,0,1,1,0,0,0,0,1,0,0,0,1,1,0,1,0,0,1,0,"1-Q20",NA
"59836",5694,0,"C","T",1,5,2709,0.00184569952012,"U","U","U","U","U","U",0,0,0,0,0,0,0,0,0,0,0,0,0,0,0,0,0,0,0,0,0,0,0,0,0,0,0,0,0,0,0,0,0,0,0,0,"1-Q20",NA
"33874",8469,2723,"T","C",0,7,3808,0.00183823529412,"S","S","TAT","TAC","Y","Y",0,0,0,1,0,0,0,1,1,1,0,0,1,0,0,0,1,0,0,0,0,1,0,0,0,1,1,1,0,0,1,0,0,0,1,0,"1-Q20",NA
"70934",8469,0,"T","C",1,7,3808,0.00183823529412,"U","U","U","U","U","U",0,0,0,0,0,0,0,0,0,0,0,0,0,0,0,0,0,0,0,0,0,0,0,0,0,0,0,0,0,0,0,0,0,0,0,0,"1-Q20",NA
"23428",5857,1853,"C","T",0,11,6006,0.0018315018315,"S","S","CTG","TTG","L","L",0,1,1,0,0,1,0,0,1,1,0,0,1,0,0,0,0,0,0,1,1,0,0,1,0,0,1,1,0,0,1,0,0,0,0,0,"1-Q20",NA
"60488",5857,0,"C","T",1,11,6006,0.0018315018315,"U","U","U","U","U","U",0,0,0,0,0,0,0,0,0,0,0,0,0,0,0,0,0,0,0,0,0,0,0,0,0,0,0,0,0,0,0,0,0,0,0,0,"1-Q20",NA
"7208",1802,501,"G","T",0,4,2242,0.00178412132025,"NS","NS","TGC","TTC","C","F",0,1,0,0,0,1,0,0,0,0,1,0,1,1,0,0,0,0,0,0,0,1,0,1,0,1,1,1,0,0,1,0,0,0,0,0,"1-Q20",NA
"44268",1802,435,"G","T",1,4,2242,0.00178412132025,"NS","C","GCT","TCT","A","S",0,1,1,0,0,1,0,0,1,0,0,0,1,0,0,1,0,0,0,1,0,0,0,0,0,0,0,0,0,0,1,1,0,1,1,0,"1-Q20",NA
"4634",1159,287,"T","C",0,5,2820,0.00177304964539,"NS","X","TGA","CGA","*","R",0,0,0,0,0,0,0,0,0,0,0,0,0,0,0,0,0,1,0,1,0,0,1,0,1,0,0,1,0,0,0,1,1,0,1,0,"1-Q20",NA
"41694",1159,220,"T","C",1,5,2820,0.00177304964539,"S","S","ATT","ATC","I","I",0,1,1,0,0,1,0,0,1,1,0,0,1,0,0,0,0,0,0,1,1,0,0,1,0,0,1,1,0,0,1,0,0,0,0,0,"1-Q20",NA
"17222",4306,1336,"T","C",0,4,2279,0.00175515577007,"NS","NS","TAT","CAT","Y","H",0,0,0,1,0,0,0,1,1,1,0,0,1,0,0,0,1,0,0,0,0,1,1,0,1,1,0,1,0,0,1,1,1,0,1,0,"1-Q20",NA
"54282",4306,0,"T","C",1,4,2279,0.00175515577007,"U","U","U","U","U","U",0,0,0,0,0,0,0,0,0,0,0,0,0,0,0,0,0,0,0,0,0,0,0,0,0,0,0,0,0,0,0,0,0,0,0,0,"1-Q20",NA
"6356",1589,430,"G","T",0,6,3428,0.00175029171529,"NS","NS","GGG","GTG","G","V",0,1,1,0,0,0,0,0,1,0,0,0,1,0,0,1,1,0,0,1,1,0,0,1,0,0,1,0,1,0,1,0,0,0,0,0,"1-Q20",NA
"43416",1589,364,"G","T",1,6,3428,0.00175029171529,"NS","C","GGT","TGT","G","C",0,1,1,0,0,0,0,0,1,0,0,0,1,0,0,1,1,0,0,1,0,0,0,1,0,0,0,0,1,0,1,1,0,0,0,0,"1-Q20",NA
"17214",4304,1335,"G","C",0,4,2290,0.00174672489083,"NS","NS","TGG","TCG","W","S",0,0,0,1,0,1,0,1,1,1,0,0,1,0,0,0,0,0,0,1,0,0,0,0,0,0,0,0,0,0,1,1,0,1,1,0,"1-Q20",-1.02952472125124
"54274",4304,0,"G","C",1,4,2290,0.00174672489083,"U","U","U","U","U","U",0,0,0,0,0,0,0,0,0,0,0,0,0,0,0,0,0,0,0,0,0,0,0,0,0,0,0,0,0,0,0,0,0,0,0,0,"1-Q20",-1.02952472125124
"11322",2831,844,"G","C",0,4,2304,0.00173611111111,"NS","NS","GGT","GCT","G","A",0,1,1,0,0,0,0,0,1,0,0,0,1,0,0,1,1,0,0,1,1,0,0,1,0,0,1,0,0,0,1,0,0,1,0,0,"1-Q20",NA
"48382",2831,778,"G","C",1,4,2304,0.00173611111111,"NS","NS","GTT","CTT","V","L",0,1,1,0,0,1,0,0,1,0,1,0,1,0,0,0,0,0,0,1,1,0,0,1,0,0,1,1,0,0,1,0,0,0,0,0,"1-Q20",NA
"14092",3523,1075,"G","T",0,4,2327,0.00171895143962,"NS","C","GGT","TGT","G","C",0,1,1,0,0,0,0,0,1,0,0,0,1,0,0,1,1,0,0,1,0,0,0,1,0,0,0,0,1,0,1,1,0,0,0,0,"1-Q20",NA
"51152",3523,0,"G","T",1,4,2327,0.00171895143962,"U","U","U","U","U","U",0,0,0,0,0,0,0,0,0,0,0,0,0,0,0,0,0,0,0,0,0,0,0,0,0,0,0,0,0,0,0,0,0,0,0,0,"1-Q20",NA
"32357",8090,2597,"G","A",0,11,6401,0.00171848148727,"NS","NS","CGT","CAT","R","H",0,1,0,0,1,0,1,0,0,1,0,0,0,1,1,0,1,0,0,0,0,1,1,0,1,1,0,1,0,0,1,1,1,0,1,0,"1-Q20",NA
"69417",8090,0,"G","A",1,11,6401,0.00171848148727,"U","U","U","U","U","U",0,0,0,0,0,0,0,0,0,0,0,0,0,0,0,0,0,0,0,0,0,0,0,0,0,0,0,0,0,0,0,0,0,0,0,0,"1-Q20",NA
"16768",4192,1298,"C","T",0,4,2363,0.00169276343631,"NS","X","CGA","TGA","R","*",0,1,0,0,1,0,1,0,0,1,0,0,0,1,1,0,1,0,0,0,0,0,0,0,0,0,0,0,0,0,0,0,0,0,0,1,"1-Q20",NA
"53828",4192,0,"C","T",1,4,2363,0.00169276343631,"U","U","U","U","U","U",0,0,0,0,0,0,0,0,0,0,0,0,0,0,0,0,0,0,0,0,0,0,0,0,0,0,0,0,0,0,0,0,0,0,0,0,"1-Q20",NA
"33384",8346,2682,"C","T",0,9,5340,0.00168539325843,"S","S","AAC","AAT","N","N",0,1,0,0,0,0,0,0,0,0,1,0,1,1,0,0,1,0,0,1,0,0,0,0,0,0,0,0,1,0,1,1,0,0,1,0,"1-Q20",NA
"70444",8346,0,"C","T",1,9,5340,0.00168539325843,"U","U","U","U","U","U",0,0,0,0,0,0,0,0,0,0,0,0,0,0,0,0,0,0,0,0,0,0,0,0,0,0,0,0,0,0,0,0,0,0,0,0,"1-Q20",NA
"21716",5429,1710,"C","T",0,4,2378,0.00168208578638,"NS","NS","TCA","TTA","S","L",0,1,0,0,0,0,0,0,0,0,0,0,1,1,0,1,1,0,0,1,1,0,0,1,0,0,1,1,0,0,1,0,0,0,0,0,"1-Q20",NA
"58776",5429,0,"C","T",1,4,2378,0.00168208578638,"U","U","U","U","U","U",0,0,0,0,0,0,0,0,0,0,0,0,0,0,0,0,0,0,0,0,0,0,0,0,0,0,0,0,0,0,0,0,0,0,0,0,"1-Q20",NA
"14412",3603,1101,"C","T",0,7,4213,0.00166152385474,"S","S","AGC","AGT","S","S",0,1,0,0,0,0,0,0,0,0,0,0,1,1,0,1,1,0,0,1,0,0,0,0,0,0,0,0,0,0,1,1,0,1,1,0,"1-Q20",NA
"51472",3603,0,"C","T",1,7,4213,0.00166152385474,"U","U","U","U","U","U",0,0,0,0,0,0,0,0,0,0,0,0,0,0,0,0,0,0,0,0,0,0,0,0,0,0,0,0,0,0,0,0,0,0,0,0,"1-Q20",NA
"32734",8184,2628,"T","C",0,10,6029,0.00165864985901,"S","S","GGT","GGC","G","G",0,1,1,0,0,0,0,0,1,0,0,0,1,0,0,1,1,0,0,1,1,0,0,0,0,0,1,0,0,0,1,0,0,1,1,0,"1-Q20",-1.02998116293695
"69794",8184,0,"T","C",1,10,6029,0.00165864985901,"U","U","U","U","U","U",0,0,0,0,0,0,0,0,0,0,0,0,0,0,0,0,0,0,0,0,0,0,0,0,0,0,0,0,0,0,0,0,0,0,0,0,"1-Q20",-1.02998116293695
"30229",7558,2420,"C","A",0,6,3702,0.00162074554295,"NS","C","CCA","ACA","P","T",0,0,0,0,0,0,0,1,1,0,1,0,1,0,0,0,1,0,0,1,0,0,0,0,0,0,0,0,1,0,1,1,0,0,1,0,"1-Q20",NA
"67289",7558,0,"C","A",1,6,3702,0.00162074554295,"U","U","U","U","U","U",0,0,0,0,0,0,0,0,0,0,0,0,0,0,0,0,0,0,0,0,0,0,0,0,0,0,0,0,0,0,0,0,0,0,0,0,"1-Q20",NA
"24896",6224,1975,"C","T",0,5,3115,0.0016051364366,"NS","NS","GCT","GTT","A","V",0,1,1,0,0,1,0,0,1,0,0,0,1,0,0,1,0,0,0,1,1,0,0,1,0,0,1,0,1,0,1,0,0,0,0,0,"1-Q20",NA
"61956",6224,0,"C","T",1,5,3115,0.0016051364366,"U","U","U","U","U","U",0,0,0,0,0,0,0,0,0,0,0,0,0,0,0,0,0,0,0,0,0,0,0,0,0,0,0,0,0,0,0,0,0,0,0,0,"1-Q20",NA
"5571",1393,365,"A","G",0,5,3160,0.00158227848101,"NS","C","AAC","GAC","N","D",0,1,0,0,0,0,0,0,0,0,1,0,1,1,0,0,1,0,1,1,0,0,0,0,1,0,0,0,1,1,0,1,0,0,1,0,"1-Q20",NA
"42631",1393,298,"A","G",1,5,3160,0.00158227848101,"S","S","ACA","ACG","T","T",0,1,0,0,0,0,0,0,0,0,1,0,1,1,0,0,1,0,0,1,0,0,0,0,0,0,0,0,1,0,1,1,0,0,1,0,"1-Q20",NA
"25712",6428,2043,"C","T",0,6,3822,0.00156985871272,"NS","NS","ACT","ATT","T","I",0,1,0,0,0,0,0,0,0,0,1,0,1,1,0,0,1,0,0,1,1,0,0,1,0,0,1,1,0,0,1,0,0,0,0,0,"1-Q20",NA
"62772",6428,0,"C","T",1,6,3822,0.00156985871272,"U","U","U","U","U","U",0,0,0,0,0,0,0,0,0,0,0,0,0,0,0,0,0,0,0,0,0,0,0,0,0,0,0,0,0,0,0,0,0,0,0,0,"1-Q20",NA
"19548",4887,1529,"C","T",0,5,3186,0.00156936597615,"S","S","TGC","TGT","C","C",0,1,0,0,0,1,0,0,0,0,1,0,1,1,0,0,0,0,0,1,0,0,0,1,0,0,0,0,1,0,1,1,0,0,0,0,"1-Q20",NA
"56608",4887,0,"C","T",1,5,3186,0.00156936597615,"U","U","U","U","U","U",0,0,0,0,0,0,0,0,0,0,0,0,0,0,0,0,0,0,0,0,0,0,0,0,0,0,0,0,0,0,0,0,0,0,0,0,"1-Q20",NA
"35509",8878,2860,"G","A",0,6,3888,0.00154320987654,"NS","NS","GTA","ATA","V","I",0,1,1,0,0,1,0,0,1,0,1,0,1,0,0,0,0,0,0,1,1,0,0,1,0,0,1,1,0,0,1,0,0,0,0,0,"1-Q20",NA
"72569",8878,0,"G","A",1,6,3888,0.00154320987654,"U","U","U","U","U","U",0,0,0,0,0,0,0,0,0,0,0,0,0,0,0,0,0,0,0,0,0,0,0,0,0,0,0,0,0,0,0,0,0,0,0,0,"1-Q20",NA
"12216",3054,918,"C","T",0,8,5202,0.00153787004998,"S","S","GAC","GAT","D","D",1,1,0,0,0,0,1,0,0,0,1,1,0,1,0,0,1,0,1,1,0,0,0,0,1,0,0,0,1,1,0,1,0,0,1,0,"1-Q20",NA
"49276",3054,852,"C","T",1,8,5202,0.00153787004998,"NS","NS","ACT","ATT","T","I",0,1,0,0,0,0,0,0,0,0,1,0,1,1,0,0,1,0,0,1,1,0,0,1,0,0,1,1,0,0,1,0,0,0,0,0,"1-Q20",NA
"29160",7290,2330,"C","T",0,4,2607,0.00153433064825,"S","S","CCC","CCT","P","P",0,0,0,0,0,0,0,1,1,0,1,0,1,0,0,0,1,0,0,0,0,0,0,0,0,1,1,0,1,0,1,0,0,0,1,0,"1-Q20",NA
"66220",7290,0,"C","T",1,4,2607,0.00153433064825,"U","U","U","U","U","U",0,0,0,0,0,0,0,0,0,0,0,0,0,0,0,0,0,0,0,0,0,0,0,0,0,0,0,0,0,0,0,0,0,0,0,0,"1-Q20",NA
"19784",4946,1549,"G","T",0,5,3266,0.00153092467851,"NS","NS","TGC","TTC","C","F",0,1,0,0,0,1,0,0,0,0,1,0,1,1,0,0,0,0,0,0,0,1,0,1,0,1,1,1,0,0,1,0,0,0,0,0,"1-Q20",NA
"56844",4946,0,"G","T",1,5,3266,0.00153092467851,"U","U","U","U","U","U",0,0,0,0,0,0,0,0,0,0,0,0,0,0,0,0,0,0,0,0,0,0,0,0,0,0,0,0,0,0,0,0,0,0,0,0,"1-Q20",NA
"33435",8359,2687,"A","G",0,9,5879,0.00153087259738,"NS","NS","AAA","GAA","K","E",0,1,0,0,1,0,1,0,0,1,0,0,0,1,1,0,1,0,1,1,0,0,0,0,1,0,0,1,0,1,0,1,0,0,1,0,"1-Q20",NA
"70495",8359,0,"A","G",1,9,5879,0.00153087259738,"U","U","U","U","U","U",0,0,0,0,0,0,0,0,0,0,0,0,0,0,0,0,0,0,0,0,0,0,0,0,0,0,0,0,0,0,0,0,0,0,0,0,"1-Q20",NA
"13872",3468,1056,"C","T",0,5,3289,0.00152021891152,"S","S","GTC","GTT","V","V",0,1,1,0,0,1,0,0,1,0,1,0,1,0,0,0,0,0,0,1,1,0,0,1,0,0,1,0,1,0,1,0,0,0,0,0,"1-Q20",NA
"50932",3468,990,"C","T",1,5,3289,0.00152021891152,"NS","NS","TCT","TTT","S","F",0,1,0,0,0,0,0,0,0,0,0,0,1,1,0,1,1,0,0,0,0,1,0,1,0,1,1,1,0,0,1,0,0,0,0,0,"1-Q20",NA
"10797",2700,800,"G","A",0,5,3299,0.00151561079115,"S","S","AGG","AGA","R","R",0,1,0,0,1,0,1,0,0,1,0,0,0,1,1,0,1,0,0,1,0,0,1,0,1,0,0,1,0,0,0,1,1,0,1,0,"1-Q20",-1.02771155471871
"47857",2700,734,"G","A",1,5,3299,0.00151561079115,"NS","NS","GGT","GAT","G","D",0,1,1,0,0,0,0,0,1,0,0,0,1,0,0,1,1,0,1,1,0,0,0,0,1,0,0,0,1,1,0,1,0,0,1,0,"1-Q20",-1.02771155471871
"1677",420,40,"T","A",0,4,2659,0.00150432493419,"NS","C","GAT","GAA","D","E",1,1,0,0,0,0,1,0,0,0,1,1,0,1,0,0,1,0,1,1,0,0,0,0,1,0,0,1,0,1,0,1,0,0,1,0,"1-Q20",NA
"38737",420,0,"T","A",1,4,2659,0.00150432493419,"U","U","U","U","U","U",0,0,0,0,0,0,0,0,0,0,0,0,0,0,0,0,0,0,0,0,0,0,0,0,0,0,0,0,0,0,0,0,0,0,0,0,"1-Q20",NA
"29264",7316,2339,"C","T",0,4,2669,0.00149868864743,"NS","NS","TCG","TTG","S","L",0,1,0,0,0,0,0,0,0,0,0,0,1,1,0,1,1,0,0,1,1,0,0,1,0,0,1,1,0,0,1,0,0,0,0,0,"1-Q20",NA
"66324",7316,0,"C","T",1,4,2669,0.00149868864743,"U","U","U","U","U","U",0,0,0,0,0,0,0,0,0,0,0,0,0,0,0,0,0,0,0,0,0,0,0,0,0,0,0,0,0,0,0,0,0,0,0,0,"1-Q20",NA
"17440",4360,1354,"G","T",0,4,2672,0.00149700598802,"NS","C","GCA","TCA","A","S",0,1,1,0,0,1,0,0,1,0,0,0,1,0,0,1,0,0,0,1,0,0,0,0,0,0,0,0,0,0,1,1,0,1,1,0,"1-Q20",NA
"54500",4360,0,"G","T",1,4,2672,0.00149700598802,"U","U","U","U","U","U",0,0,0,0,0,0,0,0,0,0,0,0,0,0,0,0,0,0,0,0,0,0,0,0,0,0,0,0,0,0,0,0,0,0,0,0,"1-Q20",NA
"27516",6879,2193,"C","T",0,4,2676,0.00149476831091,"S","S","AGC","AGT","S","S",0,1,0,0,0,0,0,0,0,0,0,0,1,1,0,1,1,0,0,1,0,0,0,0,0,0,0,0,0,0,1,1,0,1,1,0,"1-Q20",NA
"64576",6879,0,"C","T",1,4,2676,0.00149476831091,"U","U","U","U","U","U",0,0,0,0,0,0,0,0,0,0,0,0,0,0,0,0,0,0,0,0,0,0,0,0,0,0,0,0,0,0,0,0,0,0,0,0,"1-Q20",NA
"15396",3849,1183,"C","T",0,4,2694,0.0014847809948,"S","S","GTC","GTT","V","V",0,1,1,0,0,1,0,0,1,0,1,0,1,0,0,0,0,0,0,1,1,0,0,1,0,0,1,0,1,0,1,0,0,0,0,0,"1-Q20",NA
"52456",3849,0,"C","T",1,4,2694,0.0014847809948,"U","U","U","U","U","U",0,0,0,0,0,0,0,0,0,0,0,0,0,0,0,0,0,0,0,0,0,0,0,0,0,0,0,0,0,0,0,0,0,0,0,0,"1-Q20",NA
"756",189,0,"G","T",0,4,2732,0.00146412884334,"U","U","U","U","U","U",0,0,0,0,0,0,0,0,0,0,0,0,0,0,0,0,0,0,0,0,0,0,0,0,0,0,0,0,0,0,0,0,0,0,0,0,"1-Q20",NA
"37816",189,0,"G","T",1,4,2732,0.00146412884334,"U","U","U","U","U","U",0,0,0,0,0,0,0,0,0,0,0,0,0,0,0,0,0,0,0,0,0,0,0,0,0,0,0,0,0,0,0,0,0,0,0,0,"1-Q20",NA
"3452",863,188,"G","T",0,5,3416,0.00146370023419,"NS","NS","GGA","GTA","G","V",0,1,1,0,0,0,0,0,1,0,0,0,1,0,0,1,1,0,0,1,1,0,0,1,0,0,1,0,1,0,1,0,0,0,0,0,"1-Q20",NA
"40512",863,122,"G","T",1,5,3416,0.00146370023419,"NS","X","GAA","TAA","E","*",1,1,0,0,0,0,1,0,0,1,0,1,0,1,0,0,1,0,0,0,0,0,0,0,0,0,0,0,0,0,0,0,0,0,0,1,"1-Q20",NA
"10888",2722,808,"C","T",0,4,2742,0.00145878920496,"NS","NS","CTT","TTT","L","F",0,1,1,0,0,1,0,0,1,1,0,0,1,0,0,0,0,0,0,0,0,1,0,1,0,1,1,1,0,0,1,0,0,0,0,0,"1-Q20",NA
"47948",2722,741,"C","T",1,4,2742,0.00145878920496,"S","S","CCC","CCT","P","P",0,0,0,0,0,0,0,1,1,0,1,0,1,0,0,0,1,0,0,0,0,0,0,0,0,1,1,0,1,0,1,0,0,0,1,0,"1-Q20",NA
"3448",862,188,"G","T",0,5,3450,0.00144927536232,"NS","X","GGA","TGA","G","*",0,1,1,0,0,0,0,0,1,0,0,0,1,0,0,1,1,0,0,0,0,0,0,0,0,0,0,0,0,0,0,0,0,0,0,1,"1-Q20",NA
"40508",862,121,"G","T",1,5,3450,0.00144927536232,"S","S","GTG","GTT","V","V",0,1,1,0,0,1,0,0,1,0,1,0,1,0,0,0,0,0,0,1,1,0,0,1,0,0,1,0,1,0,1,0,0,0,0,0,"1-Q20",NA
"29856",7464,2388,"C","T",0,6,4157,0.00144334856868,"S","S","TCC","TCT","S","S",0,1,0,0,0,0,0,0,0,0,0,0,1,1,0,1,1,0,0,1,0,0,0,0,0,0,0,0,0,0,1,1,0,1,1,0,"1-Q20",NA
"66916",7464,0,"C","T",1,6,4157,0.00144334856868,"U","U","U","U","U","U",0,0,0,0,0,0,0,0,0,0,0,0,0,0,0,0,0,0,0,0,0,0,0,0,0,0,0,0,0,0,0,0,0,0,0,0,"1-Q20",NA
"20352",5088,1596,"C","T",0,5,3473,0.00143967751224,"S","S","TTC","TTT","F","F",0,0,0,1,0,1,0,1,1,1,0,0,1,0,0,0,0,0,0,0,0,1,0,1,0,1,1,1,0,0,1,0,0,0,0,0,"1-Q20",NA
"57412",5088,0,"C","T",1,5,3473,0.00143967751224,"U","U","U","U","U","U",0,0,0,0,0,0,0,0,0,0,0,0,0,0,0,0,0,0,0,0,0,0,0,0,0,0,0,0,0,0,0,0,0,0,0,0,"1-Q20",NA
"6420",1605,435,"C","T",0,4,2786,0.00143575017947,"S","S","TAC","TAT","Y","Y",0,0,0,1,0,0,0,1,1,1,0,0,1,0,0,0,1,0,0,0,0,1,0,0,0,1,1,1,0,0,1,0,0,0,1,0,"1-Q20",NA
"43480",1605,369,"C","T",1,4,2786,0.00143575017947,"NS","NS","ACA","ATA","T","I",0,1,0,0,0,0,0,0,0,0,1,0,1,1,0,0,1,0,0,1,1,0,0,1,0,0,1,1,0,0,1,0,0,0,0,0,"1-Q20",NA
"29932",7483,2395,"C","T",0,6,4183,0.00143437724121,"NS","NC","CGT","TGT","R","C",0,1,0,0,1,0,1,0,0,1,0,0,0,1,1,0,1,0,0,1,0,0,0,1,0,0,0,0,1,0,1,1,0,0,0,0,"1-Q20",NA
"66992",7483,0,"C","T",1,6,4183,0.00143437724121,"U","U","U","U","U","U",0,0,0,0,0,0,0,0,0,0,0,0,0,0,0,0,0,0,0,0,0,0,0,0,0,0,0,0,0,0,0,0,0,0,0,0,"1-Q20",NA
"2716",679,127,"C","T",0,4,2818,0.0014194464159,"NS","X","CAG","TAG","Q","*",0,1,0,0,0,0,0,0,0,1,0,0,1,1,0,0,1,0,0,0,0,0,0,0,0,0,0,0,0,0,0,0,0,0,0,1,"1-Q20",NA
"39776",679,60,"C","T",1,4,2818,0.0014194464159,"S","S","TTC","TTT","F","F",0,0,0,1,0,1,0,1,1,1,0,0,1,0,0,0,0,0,0,0,0,1,0,1,0,1,1,1,0,0,1,0,0,0,0,0,"1-Q20",NA
"25292",6323,2008,"C","T",0,4,2841,0.00140795494544,"NS","NS","TCC","TTC","S","F",0,1,0,0,0,0,0,0,0,0,0,0,1,1,0,1,1,0,0,0,0,1,0,1,0,1,1,1,0,0,1,0,0,0,0,0,"1-Q20",NA
"62352",6323,0,"C","T",1,4,2841,0.00140795494544,"U","U","U","U","U","U",0,0,0,0,0,0,0,0,0,0,0,0,0,0,0,0,0,0,0,0,0,0,0,0,0,0,0,0,0,0,0,0,0,0,0,0,"1-Q20",NA
"13486",3372,1024,"G","C",0,4,2850,0.00140350877193,"NS","X","TAG","TAC","*","Y",0,0,0,0,0,0,0,0,0,0,0,0,0,0,0,0,0,1,0,0,0,1,0,0,0,1,1,1,0,0,1,0,0,0,1,0,"1-Q20",NA
"50546",3372,958,"G","C",1,4,2850,0.00140350877193,"NS","NS","AGG","ACG","R","T",0,1,0,0,1,0,1,0,0,1,0,0,0,1,1,0,1,0,0,1,0,0,0,0,0,0,0,0,1,0,1,1,0,0,1,0,"1-Q20",NA
"29284",7321,2341,"C","T",0,4,2853,0.00140203294777,"S","S","CTG","TTG","L","L",0,1,1,0,0,1,0,0,1,1,0,0,1,0,0,0,0,0,0,1,1,0,0,1,0,0,1,1,0,0,1,0,0,0,0,0,"1-Q20",NA
"66344",7321,0,"C","T",1,4,2853,0.00140203294777,"U","U","U","U","U","U",0,0,0,0,0,0,0,0,0,0,0,0,0,0,0,0,0,0,0,0,0,0,0,0,0,0,0,0,0,0,0,0,0,0,0,0,"1-Q20",NA
"25876",6469,2057,"C","T",0,4,2862,0.00139762403913,"NS","NC","CGT","TGT","R","C",0,1,0,0,1,0,1,0,0,1,0,0,0,1,1,0,1,0,0,1,0,0,0,1,0,0,0,0,1,0,1,1,0,0,0,0,"1-Q20",NA
"62936",6469,0,"C","T",1,4,2862,0.00139762403913,"U","U","U","U","U","U",0,0,0,0,0,0,0,0,0,0,0,0,0,0,0,0,0,0,0,0,0,0,0,0,0,0,0,0,0,0,0,0,0,0,0,0,"1-Q20",NA
"17380",4345,1349,"C","T",0,4,2863,0.00139713587146,"NS","NC","CGC","TGC","R","C",0,1,0,0,1,0,1,0,0,1,0,0,0,1,1,0,1,0,0,1,0,0,0,1,0,0,0,0,1,0,1,1,0,0,0,0,"1-Q20",NA
"54440",4345,0,"C","T",1,4,2863,0.00139713587146,"U","U","U","U","U","U",0,0,0,0,0,0,0,0,0,0,0,0,0,0,0,0,0,0,0,0,0,0,0,0,0,0,0,0,0,0,0,0,0,0,0,0,"1-Q20",NA
"10872",2718,806,"C","T",0,4,2885,0.00138648180243,"S","S","ATC","ATT","I","I",0,1,1,0,0,1,0,0,1,1,0,0,1,0,0,0,0,0,0,1,1,0,0,1,0,0,1,1,0,0,1,0,0,0,0,0,"1-Q20",NA
"47932",2718,740,"C","T",1,4,2885,0.00138648180243,"NS","NS","TCA","TTA","S","L",0,1,0,0,0,0,0,0,0,0,0,0,1,1,0,1,1,0,0,1,1,0,0,1,0,0,1,1,0,0,1,0,0,0,0,0,"1-Q20",NA
"2428",607,103,"C","T",0,4,2895,0.0013816925734,"NS","NC","CCT","TCT","P","S",0,0,0,0,0,0,0,1,1,0,1,0,1,0,0,0,1,0,0,1,0,0,0,0,0,0,0,0,0,0,1,1,0,1,1,0,"1-Q20",NA
"39488",607,36,"C","T",1,4,2895,0.0013816925734,"S","S","TGC","TGT","C","C",0,1,0,0,0,1,0,0,0,0,1,0,1,1,0,0,0,0,0,1,0,0,0,1,0,0,0,0,1,0,1,1,0,0,0,0,"1-Q20",NA
"18952",4738,1480,"C","T",0,4,2900,0.00137931034483,"NS","NC","CCA","TCA","P","S",0,0,0,0,0,0,0,1,1,0,1,0,1,0,0,0,1,0,0,1,0,0,0,0,0,0,0,0,0,0,1,1,0,1,1,0,"1-Q20",NA
"56012",4738,0,"C","T",1,4,2900,0.00137931034483,"U","U","U","U","U","U",0,0,0,0,0,0,0,0,0,0,0,0,0,0,0,0,0,0,0,0,0,0,0,0,0,0,0,0,0,0,0,0,0,0,0,0,"1-Q20",NA
"4016",1004,235,"C","T",0,4,2926,0.00136705399863,"NS","NS","TCA","TTA","S","L",0,1,0,0,0,0,0,0,0,0,0,0,1,1,0,1,1,0,0,1,1,0,0,1,0,0,1,1,0,0,1,0,0,0,0,0,"1-Q20",NA
"41076",1004,169,"C","T",1,4,2926,0.00136705399863,"NS","X","CAA","TAA","Q","*",0,1,0,0,0,0,0,0,0,1,0,0,1,1,0,0,1,0,0,0,0,0,0,0,0,0,0,0,0,0,0,0,0,0,0,1,"1-Q20",NA
"21952",5488,1730,"C","T",0,4,2927,0.00136658694909,"NS","NS","CAC","TAC","H","Y",0,0,0,1,1,0,1,1,0,1,0,0,1,1,1,0,1,0,0,0,0,1,0,0,0,1,1,1,0,0,1,0,0,0,1,0,"1-Q20",NA
"59012",5488,0,"C","T",1,4,2927,0.00136658694909,"U","U","U","U","U","U",0,0,0,0,0,0,0,0,0,0,0,0,0,0,0,0,0,0,0,0,0,0,0,0,0,0,0,0,0,0,0,0,0,0,0,0,"1-Q20",NA
"29298",7325,2342,"G","C",0,4,3050,0.00131147540984,"NS","C","CGT","CCT","R","P",0,1,0,0,1,0,1,0,0,1,0,0,0,1,1,0,1,0,0,0,0,0,0,0,0,1,1,0,1,0,1,0,0,0,1,0,"1-Q20",NA
"66358",7325,0,"G","C",1,4,3050,0.00131147540984,"U","U","U","U","U","U",0,0,0,0,0,0,0,0,0,0,0,0,0,0,0,0,0,0,0,0,0,0,0,0,0,0,0,0,0,0,0,0,0,0,0,0,"1-Q20",NA
"19472",4868,1523,"G","T",0,5,3851,0.00129836406128,"NS","NS","TGC","TTC","C","F",0,1,0,0,0,1,0,0,0,0,1,0,1,1,0,0,0,0,0,0,0,1,0,1,0,1,1,1,0,0,1,0,0,0,0,0,"1-Q20",NA
"56532",4868,0,"G","T",1,5,3851,0.00129836406128,"U","U","U","U","U","U",0,0,0,0,0,0,0,0,0,0,0,0,0,0,0,0,0,0,0,0,0,0,0,0,0,0,0,0,0,0,0,0,0,0,0,0,"1-Q20",NA
"24892",6223,1975,"G","T",0,4,3102,0.00128949065119,"NS","C","GCT","TCT","A","S",0,1,1,0,0,1,0,0,1,0,0,0,1,0,0,1,0,0,0,1,0,0,0,0,0,0,0,0,0,0,1,1,0,1,1,0,"1-Q20",NA
"61952",6223,0,"G","T",1,4,3102,0.00128949065119,"U","U","U","U","U","U",0,0,0,0,0,0,0,0,0,0,0,0,0,0,0,0,0,0,0,0,0,0,0,0,0,0,0,0,0,0,0,0,0,0,0,0,"1-Q20",NA
"34812",8703,2801,"G","T",0,5,3887,0.00128633907898,"NS","C","GAG","GAT","E","D",1,1,0,0,0,0,1,0,0,1,0,1,0,1,0,0,1,0,1,1,0,0,0,0,1,0,0,0,1,1,0,1,0,0,1,0,"1-Q20",NA
"71872",8703,0,"G","T",1,5,3887,0.00128633907898,"U","U","U","U","U","U",0,0,0,0,0,0,0,0,0,0,0,0,0,0,0,0,0,0,0,0,0,0,0,0,0,0,0,0,0,0,0,0,0,0,0,0,"1-Q20",NA
"7564",1891,531,"G","T",0,7,5511,0.00127018689893,"NS","C","GGC","TGC","G","C",0,1,1,0,0,0,0,0,1,0,0,0,1,0,0,1,1,0,0,1,0,0,0,1,0,0,0,0,1,0,1,1,0,0,0,0,"1-Q20",NA
"44624",1891,464,"G","T",1,7,5511,0.00127018689893,"NS","NC","TGG","TGT","W","C",0,0,0,1,0,1,0,1,1,1,0,0,1,0,0,0,0,0,0,1,0,0,0,1,0,0,0,0,1,0,1,1,0,0,0,0,"1-Q20",NA
"33166",8292,2664,"T","C",0,5,3940,0.00126903553299,"S","S","GGT","GGC","G","G",0,1,1,0,0,0,0,0,1,0,0,0,1,0,0,1,1,0,0,1,1,0,0,0,0,0,1,0,0,0,1,0,0,1,1,0,"1-Q20",NA
"70226",8292,0,"T","C",1,5,3940,0.00126903553299,"U","U","U","U","U","U",0,0,0,0,0,0,0,0,0,0,0,0,0,0,0,0,0,0,0,0,0,0,0,0,0,0,0,0,0,0,0,0,0,0,0,0,"1-Q20",NA
"33398",8350,2684,"T","C",0,7,5541,0.00126330987186,"S","S","TTG","CTG","L","L",0,1,1,0,0,1,0,0,1,1,0,0,1,0,0,0,0,0,0,1,1,0,0,1,0,0,1,1,0,0,1,0,0,0,0,0,"1-Q20",NA
"70458",8350,0,"T","C",1,7,5541,0.00126330987186,"U","U","U","U","U","U",0,0,0,0,0,0,0,0,0,0,0,0,0,0,0,0,0,0,0,0,0,0,0,0,0,0,0,0,0,0,0,0,0,0,0,0,"1-Q20",NA
"30908",7727,2476,"C","T",0,4,3188,0.00125470514429,"NS","NS","ACT","ATT","T","I",0,1,0,0,0,0,0,0,0,0,1,0,1,1,0,0,1,0,0,1,1,0,0,1,0,0,1,1,0,0,1,0,0,0,0,0,"1-Q20",NA
"67968",7727,0,"C","T",1,4,3188,0.00125470514429,"U","U","U","U","U","U",0,0,0,0,0,0,0,0,0,0,0,0,0,0,0,0,0,0,0,0,0,0,0,0,0,0,0,0,0,0,0,0,0,0,0,0,"1-Q20",NA
"33506",8377,2693,"A","C",0,6,4807,0.00124817973788,"NS","C","ACC","CCC","T","P",0,1,0,0,0,0,0,0,0,0,1,0,1,1,0,0,1,0,0,0,0,0,0,0,0,1,1,0,1,0,1,0,0,0,1,0,"1-Q20",-1.04063810141782
"70566",8377,0,"A","C",1,6,4807,0.00124817973788,"U","U","U","U","U","U",0,0,0,0,0,0,0,0,0,0,0,0,0,0,0,0,0,0,0,0,0,0,0,0,0,0,0,0,0,0,0,0,0,0,0,0,"1-Q20",-1.04063810141782
"26920",6730,2144,"C","T",0,4,3281,0.00121914050594,"NS","X","CAA","TAA","Q","*",0,1,0,0,0,0,0,0,0,1,0,0,1,1,0,0,1,0,0,0,0,0,0,0,0,0,0,0,0,0,0,0,0,0,0,1,"1-Q20",NA
"63980",6730,0,"C","T",1,4,3281,0.00121914050594,"U","U","U","U","U","U",0,0,0,0,0,0,0,0,0,0,0,0,0,0,0,0,0,0,0,0,0,0,0,0,0,0,0,0,0,0,0,0,0,0,0,0,"1-Q20",NA
"33092",8273,2658,"C","T",0,5,4134,0.00120948234156,"NS","C","CCG","CTG","P","L",0,0,0,0,0,0,0,1,1,0,1,0,1,0,0,0,1,0,0,1,1,0,0,1,0,0,1,1,0,0,1,0,0,0,0,0,"1-Q20",NA
"70152",8273,0,"C","T",1,5,4134,0.00120948234156,"U","U","U","U","U","U",0,0,0,0,0,0,0,0,0,0,0,0,0,0,0,0,0,0,0,0,0,0,0,0,0,0,0,0,0,0,0,0,0,0,0,0,"1-Q20",NA
"19208",4802,1501,"C","T",0,5,4225,0.00118343195266,"NS","NS","TCG","TTG","S","L",0,1,0,0,0,0,0,0,0,0,0,0,1,1,0,1,1,0,0,1,1,0,0,1,0,0,1,1,0,0,1,0,0,0,0,0,"1-Q20",NA
"56268",4802,0,"C","T",1,5,4225,0.00118343195266,"U","U","U","U","U","U",0,0,0,0,0,0,0,0,0,0,0,0,0,0,0,0,0,0,0,0,0,0,0,0,0,0,0,0,0,0,0,0,0,0,0,0,"1-Q20",NA
"3450",863,188,"G","C",0,4,3416,0.00117096018735,"NS","NS","GGA","GCA","G","A",0,1,1,0,0,0,0,0,1,0,0,0,1,0,0,1,1,0,0,1,1,0,0,1,0,0,1,0,0,0,1,0,0,1,0,0,"1-Q20",NA
"40510",863,122,"G","C",1,4,3416,0.00117096018735,"NS","NS","GAA","CAA","E","Q",1,1,0,0,0,0,1,0,0,1,0,1,0,1,0,0,1,0,0,1,0,0,0,0,0,0,0,1,0,0,1,1,0,0,1,0,"1-Q20",NA
"3242",811,171,"T","C",0,4,3436,0.0011641443539,"NS","X","TAA","CAA","*","Q",0,0,0,0,0,0,0,0,0,0,0,0,0,0,0,0,0,1,0,1,0,0,0,0,0,0,0,1,0,0,1,1,0,0,1,0,"1-Q20",NA
"40302",811,104,"T","C",1,4,3436,0.0011641443539,"S","S","GAT","GAC","D","D",1,1,0,0,0,0,1,0,0,0,1,1,0,1,0,0,1,0,1,1,0,0,0,0,1,0,0,0,1,1,0,1,0,0,1,0,"1-Q20",NA
"26752",6688,2130,"C","T",0,6,5241,0.0011448196909,"NS","X","CAG","TAG","Q","*",0,1,0,0,0,0,0,0,0,1,0,0,1,1,0,0,1,0,0,0,0,0,0,0,0,0,0,0,0,0,0,0,0,0,0,1,"1-Q20",NA
"63812",6688,0,"C","T",1,6,5241,0.0011448196909,"U","U","U","U","U","U",0,0,0,0,0,0,0,0,0,0,0,0,0,0,0,0,0,0,0,0,0,0,0,0,0,0,0,0,0,0,0,0,0,0,0,0,"1-Q20",NA
"27728",6932,2211,"C","T",0,8,7010,0.00114122681883,"NS","NS","GCT","GTT","A","V",0,1,1,0,0,1,0,0,1,0,0,0,1,0,0,1,0,0,0,1,1,0,0,1,0,0,1,0,1,0,1,0,0,0,0,0,"1-Q20",NA
"64788",6932,0,"C","T",1,8,7010,0.00114122681883,"U","U","U","U","U","U",0,0,0,0,0,0,0,0,0,0,0,0,0,0,0,0,0,0,0,0,0,0,0,0,0,0,0,0,0,0,0,0,0,0,0,0,"1-Q20",NA
"27652",6913,2205,"G","T",0,7,6162,0.00113599480688,"NS","NS","GTT","TTT","V","F",0,1,1,0,0,1,0,0,1,0,1,0,1,0,0,0,0,0,0,0,0,1,0,1,0,1,1,1,0,0,1,0,0,0,0,0,"1-Q20",NA
"64712",6913,0,"G","T",1,7,6162,0.00113599480688,"U","U","U","U","U","U",0,0,0,0,0,0,0,0,0,0,0,0,0,0,0,0,0,0,0,0,0,0,0,0,0,0,0,0,0,0,0,0,0,0,0,0,"1-Q20",NA
"12172",3043,915,"C","T",0,7,6192,0.00113049095607,"NS","X","CGA","TGA","R","*",0,1,0,0,1,0,1,0,0,1,0,0,0,1,1,0,1,0,0,0,0,0,0,0,0,0,0,0,0,0,0,0,0,0,0,1,"1-Q20",NA
"49232",3043,848,"C","T",1,7,6192,0.00113049095607,"S","S","AAC","AAT","N","N",0,1,0,0,0,0,0,0,0,0,1,0,1,1,0,0,1,0,0,1,0,0,0,0,0,0,0,0,1,0,1,1,0,0,1,0,"1-Q20",NA
"34996",8749,2817,"C","T",0,4,3550,0.00112676056338,"NS","NS","CAT","TAT","H","Y",0,0,0,1,1,0,1,1,0,1,0,0,1,1,1,0,1,0,0,0,0,1,0,0,0,1,1,1,0,0,1,0,0,0,1,0,"1-Q20",NA
"72056",8749,0,"C","T",1,4,3550,0.00112676056338,"U","U","U","U","U","U",0,0,0,0,0,0,0,0,0,0,0,0,0,0,0,0,0,0,0,0,0,0,0,0,0,0,0,0,0,0,0,0,0,0,0,0,"1-Q20",NA
"4336",1084,262,"C","T",0,5,4449,0.00112384805574,"NS","NC","CCC","TCC","P","S",0,0,0,0,0,0,0,1,1,0,1,0,1,0,0,0,1,0,0,1,0,0,0,0,0,0,0,0,0,0,1,1,0,1,1,0,"1-Q20",NA
"41396",1084,195,"C","T",1,5,4449,0.00112384805574,"S","S","AAC","AAT","N","N",0,1,0,0,0,0,0,0,0,0,1,0,1,1,0,0,1,0,0,1,0,0,0,0,0,0,0,0,1,0,1,1,0,0,1,0,"1-Q20",NA
"3261",816,172,"G","A",0,4,3585,0.00111576011158,"S","S","AAG","AAA","K","K",0,1,0,0,1,0,1,0,0,1,0,0,0,1,1,0,1,0,0,1,0,0,1,0,1,0,0,1,0,0,0,1,1,0,1,0,"1-Q20",NA
"40321",816,106,"G","A",1,4,3585,0.00111576011158,"NS","NS","AGT","AAT","S","N",0,1,0,0,0,0,0,0,0,0,0,0,1,1,0,1,1,0,0,1,0,0,0,0,0,0,0,0,1,0,1,1,0,0,1,0,"1-Q20",NA
"24504",6126,1942,"G","T",0,4,3610,0.001108033241,"NS","C","AAG","AAT","K","N",0,1,0,0,1,0,1,0,0,1,0,0,0,1,1,0,1,0,0,1,0,0,0,0,0,0,0,0,1,0,1,1,0,0,1,0,"1-Q20",NA
"61564",6126,0,"G","T",1,4,3610,0.001108033241,"U","U","U","U","U","U",0,0,0,0,0,0,0,0,0,0,0,0,0,0,0,0,0,0,0,0,0,0,0,0,0,0,0,0,0,0,0,0,0,0,0,0,"1-Q20",NA
"3412",853,185,"G","T",0,4,3627,0.00110283981252,"NS","NS","GAT","TAT","D","Y",1,1,0,0,0,0,1,0,0,0,1,1,0,1,0,0,1,0,0,0,0,1,0,0,0,1,1,1,0,0,1,0,0,0,1,0,"1-Q20",NA
"40472",853,118,"G","T",1,4,3627,0.00110283981252,"S","S","ACG","ACT","T","T",0,1,0,0,0,0,0,0,0,0,1,0,1,1,0,0,1,0,0,1,0,0,0,0,0,0,0,0,1,0,1,1,0,0,1,0,"1-Q20",NA
"32112",8028,2576,"C","T",0,5,4590,0.00108932461874,"S","S","CCC","CCT","P","P",0,0,0,0,0,0,0,1,1,0,1,0,1,0,0,0,1,0,0,0,0,0,0,0,0,1,1,0,1,0,1,0,0,0,1,0,"1-Q20",NA
"69172",8028,0,"C","T",1,5,4590,0.00108932461874,"U","U","U","U","U","U",0,0,0,0,0,0,0,0,0,0,0,0,0,0,0,0,0,0,0,0,0,0,0,0,0,0,0,0,0,0,0,0,0,0,0,0,"1-Q20",NA
"4104",1026,242,"C","T",0,4,3700,0.00108108108108,"S","S","TCC","TCT","S","S",0,1,0,0,0,0,0,0,0,0,0,0,1,1,0,1,1,0,0,1,0,0,0,0,0,0,0,0,0,0,1,1,0,1,1,0,"1-Q20",NA
"41164",1026,176,"C","T",1,4,3700,0.00108108108108,"NS","C","CCG","CTG","P","L",0,0,0,0,0,0,0,1,1,0,1,0,1,0,0,0,1,0,0,1,1,0,0,1,0,0,1,1,0,0,1,0,0,0,0,0,"1-Q20",NA
"9357",2340,680,"C","A",0,4,3712,0.0010775862069,"NS","C","AAC","AAA","N","K",0,1,0,0,0,0,0,0,0,0,1,0,1,1,0,0,1,0,0,1,0,0,1,0,1,0,0,1,0,0,0,1,1,0,1,0,"1-Q20",NA
"46417",2340,614,"C","A",1,4,3712,0.0010775862069,"NS","C","ACA","AAA","T","K",0,1,0,0,0,0,0,0,0,0,1,0,1,1,0,0,1,0,0,1,0,0,1,0,1,0,0,1,0,0,0,1,1,0,1,0,"1-Q20",NA
"30944",7736,2479,"C","T",0,4,3721,0.00107497984413,"NS","NS","ACA","ATA","T","I",0,1,0,0,0,0,0,0,0,0,1,0,1,1,0,0,1,0,0,1,1,0,0,1,0,0,1,1,0,0,1,0,0,0,0,0,"1-Q20",NA
"68004",7736,0,"C","T",1,4,3721,0.00107497984413,"U","U","U","U","U","U",0,0,0,0,0,0,0,0,0,0,0,0,0,0,0,0,0,0,0,0,0,0,0,0,0,0,0,0,0,0,0,0,0,0,0,0,"1-Q20",NA
"7408",1852,518,"G","T",0,6,5611,0.00106932810551,"NS","C","GCA","TCA","A","S",0,1,1,0,0,1,0,0,1,0,0,0,1,0,0,1,0,0,0,1,0,0,0,0,0,0,0,0,0,0,1,1,0,1,1,0,"1-Q20",NA
"44468",1852,451,"G","T",1,6,5611,0.00106932810551,"NS","NS","TTG","TTT","L","F",0,1,1,0,0,1,0,0,1,1,0,0,1,0,0,0,0,0,0,0,0,1,0,1,0,1,1,1,0,0,1,0,0,0,0,0,"1-Q20",NA
"29471",7368,2356,"A","G",0,4,3761,0.00106354692901,"S","S","TCA","TCG","S","S",0,1,0,0,0,0,0,0,0,0,0,0,1,1,0,1,1,0,0,1,0,0,0,0,0,0,0,0,0,0,1,1,0,1,1,0,"1-Q20",NA
"66531",7368,0,"A","G",1,4,3761,0.00106354692901,"U","U","U","U","U","U",0,0,0,0,0,0,0,0,0,0,0,0,0,0,0,0,0,0,0,0,0,0,0,0,0,0,0,0,0,0,0,0,0,0,0,0,"1-Q20",NA
"14496",3624,1108,"C","T",0,5,4715,0.00106044538706,"S","S","TGC","TGT","C","C",0,1,0,0,0,1,0,0,0,0,1,0,1,1,0,0,0,0,0,1,0,0,0,1,0,0,0,0,1,0,1,1,0,0,0,0,"1-Q20",NA
"51556",3624,0,"C","T",1,5,4715,0.00106044538706,"U","U","U","U","U","U",0,0,0,0,0,0,0,0,0,0,0,0,0,0,0,0,0,0,0,0,0,0,0,0,0,0,0,0,0,0,0,0,0,0,0,0,"1-Q20",NA
"29674",7419,2373,"T","C",0,4,3814,0.00104876769795,"S","S","CTT","CTC","L","L",0,1,1,0,0,1,0,0,1,1,0,0,1,0,0,0,0,0,0,1,1,0,0,1,0,0,1,1,0,0,1,0,0,0,0,0,"1-Q20",NA
"66734",7419,0,"T","C",1,4,3814,0.00104876769795,"U","U","U","U","U","U",0,0,0,0,0,0,0,0,0,0,0,0,0,0,0,0,0,0,0,0,0,0,0,0,0,0,0,0,0,0,0,0,0,0,0,0,"1-Q20",NA
"7548",1887,529,"C","T",0,6,5722,0.00104858441105,"S","S","AGC","AGT","S","S",0,1,0,0,0,0,0,0,0,0,0,0,1,1,0,1,1,0,0,1,0,0,0,0,0,0,0,0,0,0,1,1,0,1,1,0,"1-Q20",NA
"44608",1887,463,"C","T",1,6,5722,0.00104858441105,"NS","NS","GCT","GTT","A","V",0,1,1,0,0,1,0,0,1,0,0,0,1,0,0,1,0,0,0,1,1,0,0,1,0,0,1,0,1,0,1,0,0,0,0,0,"1-Q20",NA
"32758",8190,2630,"T","C",0,7,6680,0.00104790419162,"S","S","GAT","GAC","D","D",1,1,0,0,0,0,1,0,0,0,1,1,0,1,0,0,1,0,1,1,0,0,0,0,1,0,0,0,1,1,0,1,0,0,1,0,"1-Q20",NA
"69818",8190,0,"T","C",1,7,6680,0.00104790419162,"U","U","U","U","U","U",0,0,0,0,0,0,0,0,0,0,0,0,0,0,0,0,0,0,0,0,0,0,0,0,0,0,0,0,0,0,0,0,0,0,0,0,"1-Q20",NA
"24556",6139,1947,"C","T",0,4,3825,0.00104575163399,"S","S","CTA","TTA","L","L",0,1,1,0,0,1,0,0,1,1,0,0,1,0,0,0,0,0,0,1,1,0,0,1,0,0,1,1,0,0,1,0,0,0,0,0,"1-Q20",NA
"61616",6139,0,"C","T",1,4,3825,0.00104575163399,"U","U","U","U","U","U",0,0,0,0,0,0,0,0,0,0,0,0,0,0,0,0,0,0,0,0,0,0,0,0,0,0,0,0,0,0,0,0,0,0,0,0,"1-Q20",NA
"32924",8231,2644,"C","T",0,6,5745,0.00104438642298,"NS","C","CCA","CTA","P","L",0,0,0,0,0,0,0,1,1,0,1,0,1,0,0,0,1,0,0,1,1,0,0,1,0,0,1,1,0,0,1,0,0,0,0,0,"1-Q20",NA
"69984",8231,0,"C","T",1,6,5745,0.00104438642298,"U","U","U","U","U","U",0,0,0,0,0,0,0,0,0,0,0,0,0,0,0,0,0,0,0,0,0,0,0,0,0,0,0,0,0,0,0,0,0,0,0,0,"1-Q20",NA
"28348",7087,2263,"C","T",0,6,5875,0.00102127659574,"NS","X","CAA","TAA","Q","*",0,1,0,0,0,0,0,0,0,1,0,0,1,1,0,0,1,0,0,0,0,0,0,0,0,0,0,0,0,0,0,0,0,0,0,1,"1-Q20",NA
"65408",7087,0,"C","T",1,6,5875,0.00102127659574,"U","U","U","U","U","U",0,0,0,0,0,0,0,0,0,0,0,0,0,0,0,0,0,0,0,0,0,0,0,0,0,0,0,0,0,0,0,0,0,0,0,0,"1-Q20",NA
"11988",2997,899,"C","T",0,7,6906,0.00101361135245,"S","S","GGC","GGT","G","G",0,1,1,0,0,0,0,0,1,0,0,0,1,0,0,1,1,0,0,1,1,0,0,0,0,0,1,0,0,0,1,0,0,1,1,0,"1-Q20",NA
"49048",2997,833,"C","T",1,7,6906,0.00101361135245,"NS","NS","GCA","GTA","A","V",0,1,1,0,0,1,0,0,1,0,0,0,1,0,0,1,0,0,0,1,1,0,0,1,0,0,1,0,1,0,1,0,0,0,0,0,"1-Q20",NA
"28764",7191,2297,"C","T",0,6,5938,0.001010441226,"S","S","ACC","ACT","T","T",0,1,0,0,0,0,0,0,0,0,1,0,1,1,0,0,1,0,0,1,0,0,0,0,0,0,0,0,1,0,1,1,0,0,1,0,"1-Q20",NA
"65824",7191,0,"C","T",1,6,5938,0.001010441226,"U","U","U","U","U","U",0,0,0,0,0,0,0,0,0,0,0,0,0,0,0,0,0,0,0,0,0,0,0,0,0,0,0,0,0,0,0,0,0,0,0,0,"1-Q20",NA
"32780",8195,2632,"C","T",0,7,6938,0.00100893629288,"NS","NS","GCT","GTT","A","V",0,1,1,0,0,1,0,0,1,0,0,0,1,0,0,1,0,0,0,1,1,0,0,1,0,0,1,0,1,0,1,0,0,0,0,0,"1-Q20",NA
"69840",8195,0,"C","T",1,7,6938,0.00100893629288,"U","U","U","U","U","U",0,0,0,0,0,0,0,0,0,0,0,0,0,0,0,0,0,0,0,0,0,0,0,0,0,0,0,0,0,0,0,0,0,0,0,0,"1-Q20",NA
"7464",1866,522,"G","T",0,6,5985,0.00100250626566,"NS","NC","TGG","TGT","W","C",0,0,0,1,0,1,0,1,1,1,0,0,1,0,0,0,0,0,0,1,0,0,0,1,0,0,0,0,1,0,1,1,0,0,0,0,"1-Q20",-1.01998689789679
"44524",1866,456,"G","T",1,6,5985,0.00100250626566,"NS","NS","GGA","GTA","G","V",0,1,1,0,0,0,0,0,1,0,0,0,1,0,0,1,1,0,0,1,1,0,0,1,0,0,1,0,1,0,1,0,0,0,0,0,"1-Q20",-1.01998689789679
"34666",8667,2789,"T","C",0,5,4995,0.001001001001,"S","S","AGT","AGC","S","S",0,1,0,0,0,0,0,0,0,0,0,0,1,1,0,1,1,0,0,1,0,0,0,0,0,0,0,0,0,0,1,1,0,1,1,0,"1-Q20",NA
"71726",8667,0,"T","C",1,5,4995,0.001001001001,"U","U","U","U","U","U",0,0,0,0,0,0,0,0,0,0,0,0,0,0,0,0,0,0,0,0,0,0,0,0,0,0,0,0,0,0,0,0,0,0,0,0,"1-Q20",NA
"33256",8314,2672,"C","T",0,4,3997,0.00100075056292,"NS","X","CAA","TAA","Q","*",0,1,0,0,0,0,0,0,0,1,0,0,1,1,0,0,1,0,0,0,0,0,0,0,0,0,0,0,0,0,0,0,0,0,0,1,"1-Q20",NA
"70316",8314,0,"C","T",1,4,3997,0.00100075056292,"U","U","U","U","U","U",0,0,0,0,0,0,0,0,0,0,0,0,0,0,0,0,0,0,0,0,0,0,0,0,0,0,0,0,0,0,0,0,0,0,0,0,"1-Q20",NA
"14320",3580,1094,"G","T",0,4,4030,0.000992555831266,"NS","NS","GAT","TAT","D","Y",1,1,0,0,0,0,1,0,0,0,1,1,0,1,0,0,1,0,0,0,0,1,0,0,0,1,1,1,0,0,1,0,0,0,1,0,"1-Q20",NA
"51380",3580,0,"G","T",1,4,4030,0.000992555831266,"U","U","U","U","U","U",0,0,0,0,0,0,0,0,0,0,0,0,0,0,0,0,0,0,0,0,0,0,0,0,0,0,0,0,0,0,0,0,0,0,0,0,"1-Q20",NA
"23276",5819,1840,"G","T",0,5,5064,0.000987361769352,"NS","NS","TGC","TTC","C","F",0,1,0,0,0,1,0,0,0,0,1,0,1,1,0,0,0,0,0,0,0,1,0,1,0,1,1,1,0,0,1,0,0,0,0,0,"1-Q20",NA
"60336",5819,0,"G","T",1,5,5064,0.000987361769352,"U","U","U","U","U","U",0,0,0,0,0,0,0,0,0,0,0,0,0,0,0,0,0,0,0,0,0,0,0,0,0,0,0,0,0,0,0,0,0,0,0,0,"1-Q20",NA
"32424",8106,2602,"C","T",0,5,5096,0.000981161695447,"S","S","GAC","GAT","D","D",1,1,0,0,0,0,1,0,0,0,1,1,0,1,0,0,1,0,1,1,0,0,0,0,1,0,0,0,1,1,0,1,0,0,1,0,"1-Q20",NA
"69484",8106,0,"C","T",1,5,5096,0.000981161695447,"U","U","U","U","U","U",0,0,0,0,0,0,0,0,0,0,0,0,0,0,0,0,0,0,0,0,0,0,0,0,0,0,0,0,0,0,0,0,0,0,0,0,"1-Q20",NA
"32448",8112,2604,"C","T",0,4,4080,0.000980392156863,"S","S","AAC","AAT","N","N",0,1,0,0,0,0,0,0,0,0,1,0,1,1,0,0,1,0,0,1,0,0,0,0,0,0,0,0,1,0,1,1,0,0,1,0,"1-Q20",NA
"69508",8112,0,"C","T",1,4,4080,0.000980392156863,"U","U","U","U","U","U",0,0,0,0,0,0,0,0,0,0,0,0,0,0,0,0,0,0,0,0,0,0,0,0,0,0,0,0,0,0,0,0,0,0,0,0,"1-Q20",NA
"31172",7793,2498,"C","T",0,4,4130,0.000968523002421,"NS","NS","ACA","ATA","T","I",0,1,0,0,0,0,0,0,0,0,1,0,1,1,0,0,1,0,0,1,1,0,0,1,0,0,1,1,0,0,1,0,0,0,0,0,"1-Q20",NA
"68232",7793,0,"C","T",1,4,4130,0.000968523002421,"U","U","U","U","U","U",0,0,0,0,0,0,0,0,0,0,0,0,0,0,0,0,0,0,0,0,0,0,0,0,0,0,0,0,0,0,0,0,0,0,0,0,"1-Q20",NA
"27932",6983,2228,"C","T",0,4,4148,0.000964320154291,"NS","NC","ACG","ATG","T","M",0,1,0,0,0,0,0,0,0,0,1,0,1,1,0,0,1,0,0,1,0,0,0,1,0,0,1,1,0,0,1,0,0,0,0,0,"1-Q20",NA
"64992",6983,0,"C","T",1,4,4148,0.000964320154291,"U","U","U","U","U","U",0,0,0,0,0,0,0,0,0,0,0,0,0,0,0,0,0,0,0,0,0,0,0,0,0,0,0,0,0,0,0,0,0,0,0,0,"1-Q20",NA
"28304",7076,2259,"C","T",0,5,5207,0.000960245822931,"NS","NS","GCA","GTA","A","V",0,1,1,0,0,1,0,0,1,0,0,0,1,0,0,1,0,0,0,1,1,0,0,1,0,0,1,0,1,0,1,0,0,0,0,0,"1-Q20",NA
"65364",7076,0,"C","T",1,5,5207,0.000960245822931,"U","U","U","U","U","U",0,0,0,0,0,0,0,0,0,0,0,0,0,0,0,0,0,0,0,0,0,0,0,0,0,0,0,0,0,0,0,0,0,0,0,0,"1-Q20",NA
"14861",3716,1139,"G","A",0,4,4169,0.000959462700888,"NS","NS","AGA","AAA","R","K",0,1,0,0,1,0,1,0,0,1,0,0,0,1,1,0,1,0,0,1,0,0,1,0,1,0,0,1,0,0,0,1,1,0,1,0,"1-Q20",NA
"51921",3716,0,"G","A",1,4,4169,0.000959462700888,"U","U","U","U","U","U",0,0,0,0,0,0,0,0,0,0,0,0,0,0,0,0,0,0,0,0,0,0,0,0,0,0,0,0,0,0,0,0,0,0,0,0,"1-Q20",NA
"29560",7390,2364,"C","T",0,4,4246,0.000942063118229,"NS","X","CAA","TAA","Q","*",0,1,0,0,0,0,0,0,0,1,0,0,1,1,0,0,1,0,0,0,0,0,0,0,0,0,0,0,0,0,0,0,0,0,0,1,"1-Q20",NA
"66620",7390,0,"C","T",1,4,4246,0.000942063118229,"U","U","U","U","U","U",0,0,0,0,0,0,0,0,0,0,0,0,0,0,0,0,0,0,0,0,0,0,0,0,0,0,0,0,0,0,0,0,0,0,0,0,"1-Q20",NA
"7600",1900,534,"G","T",0,5,5340,0.000936329588015,"NS","C","GGT","TGT","G","C",0,1,1,0,0,0,0,0,1,0,0,0,1,0,0,1,1,0,0,1,0,0,0,1,0,0,0,0,1,0,1,1,0,0,0,0,"1-Q20",NA
"44660",1900,467,"G","T",1,5,5340,0.000936329588015,"NS","C","GAG","GAT","E","D",1,1,0,0,0,0,1,0,0,1,0,1,0,1,0,0,1,0,1,1,0,0,0,0,1,0,0,0,1,1,0,1,0,0,1,0,"1-Q20",NA
"5428",1357,353,"G","T",0,4,4310,0.00092807424594,"NS","NS","GTT","TTT","V","F",0,1,1,0,0,1,0,0,1,0,1,0,1,0,0,0,0,0,0,0,0,1,0,1,0,1,1,1,0,0,1,0,0,0,0,0,"1-Q20",-1.01962992227053
"42488",1357,286,"G","T",1,4,4310,0.00092807424594,"S","S","GGG","GGT","G","G",0,1,1,0,0,0,0,0,1,0,0,0,1,0,0,1,1,0,0,1,1,0,0,0,0,0,1,0,0,0,1,0,0,1,1,0,"1-Q20",-1.01962992227053
"28456",7114,2272,"G","T",0,5,5441,0.000918948722661,"NS","C","GCT","TCT","A","S",0,1,1,0,0,1,0,0,1,0,0,0,1,0,0,1,0,0,0,1,0,0,0,0,0,0,0,0,0,0,1,1,0,1,1,0,"1-Q20",NA
"65516",7114,0,"G","T",1,5,5441,0.000918948722661,"U","U","U","U","U","U",0,0,0,0,0,0,0,0,0,0,0,0,0,0,0,0,0,0,0,0,0,0,0,0,0,0,0,0,0,0,0,0,0,0,0,0,"1-Q20",NA
"4176",1044,248,"G","T",0,4,4370,0.00091533180778,"S","S","ACG","ACT","T","T",0,1,0,0,0,0,0,0,0,0,1,0,1,1,0,0,1,0,0,1,0,0,0,0,0,0,0,0,1,0,1,1,0,0,1,0,"1-Q20",NA
"41236",1044,182,"G","T",1,4,4370,0.00091533180778,"NS","NS","CGT","CTT","R","L",0,1,0,0,1,0,1,0,0,1,0,0,0,1,1,0,1,0,0,1,1,0,0,1,0,0,1,1,0,0,1,0,0,0,0,0,"1-Q20",NA
"30284",7571,2424,"C","T",0,4,4401,0.000908884344467,"NS","NS","ACA","ATA","T","I",0,1,0,0,0,0,0,0,0,0,1,0,1,1,0,0,1,0,0,1,1,0,0,1,0,0,1,1,0,0,1,0,0,0,0,0,"1-Q20",NA
"67344",7571,0,"C","T",1,4,4401,0.000908884344467,"U","U","U","U","U","U",0,0,0,0,0,0,0,0,0,0,0,0,0,0,0,0,0,0,0,0,0,0,0,0,0,0,0,0,0,0,0,0,0,0,0,0,"1-Q20",NA
"7562",1891,531,"G","C",0,5,5511,0.000907276356378,"NS","NS","GGC","CGC","G","R",0,1,1,0,0,0,0,0,1,0,0,0,1,0,0,1,1,0,0,1,0,0,1,0,1,0,0,1,0,0,0,1,1,0,1,0,"1-Q20",NA
"44622",1891,464,"G","C",1,5,5511,0.000907276356378,"NS","NC","TGG","TGC","W","C",0,0,0,1,0,1,0,1,1,1,0,0,1,0,0,0,0,0,0,1,0,0,0,1,0,0,0,0,1,0,1,1,0,0,0,0,"1-Q20",NA
"28528",7132,2278,"C","T",0,5,5659,0.000883548330094,"NS","NS","CTC","TTC","L","F",0,1,1,0,0,1,0,0,1,1,0,0,1,0,0,0,0,0,0,0,0,1,0,1,0,1,1,1,0,0,1,0,0,0,0,0,"1-Q20",NA
"65588",7132,0,"C","T",1,5,5659,0.000883548330094,"U","U","U","U","U","U",0,0,0,0,0,0,0,0,0,0,0,0,0,0,0,0,0,0,0,0,0,0,0,0,0,0,0,0,0,0,0,0,0,0,0,0,"1-Q20",NA
"28416",7104,2268,"C","T",0,5,5754,0.000868960722975,"S","S","TTC","TTT","F","F",0,0,0,1,0,1,0,1,1,1,0,0,1,0,0,0,0,0,0,0,0,1,0,1,0,1,1,1,0,0,1,0,0,0,0,0,"1-Q20",NA
"65476",7104,0,"C","T",1,5,5754,0.000868960722975,"U","U","U","U","U","U",0,0,0,0,0,0,0,0,0,0,0,0,0,0,0,0,0,0,0,0,0,0,0,0,0,0,0,0,0,0,0,0,0,0,0,0,"1-Q20",NA
"23248",5812,1838,"C","T",0,4,4688,0.000853242320819,"NS","NC","CCA","TCA","P","S",0,0,0,0,0,0,0,1,1,0,1,0,1,0,0,0,1,0,0,1,0,0,0,0,0,0,0,0,0,0,1,1,0,1,1,0,"1-Q20",NA
"60308",5812,0,"C","T",1,4,4688,0.000853242320819,"U","U","U","U","U","U",0,0,0,0,0,0,0,0,0,0,0,0,0,0,0,0,0,0,0,0,0,0,0,0,0,0,0,0,0,0,0,0,0,0,0,0,"1-Q20",NA
"27596",6899,2200,"C","T",0,4,4705,0.000850159404888,"NS","NS","ACA","ATA","T","I",0,1,0,0,0,0,0,0,0,0,1,0,1,1,0,0,1,0,0,1,1,0,0,1,0,0,1,1,0,0,1,0,0,0,0,0,"1-Q20",NA
"64656",6899,0,"C","T",1,4,4705,0.000850159404888,"U","U","U","U","U","U",0,0,0,0,0,0,0,0,0,0,0,0,0,0,0,0,0,0,0,0,0,0,0,0,0,0,0,0,0,0,0,0,0,0,0,0,"1-Q20",NA
"33304",8326,2676,"C","T",0,4,4735,0.000844772967265,"NS","NC","CGT","TGT","R","C",0,1,0,0,1,0,1,0,0,1,0,0,0,1,1,0,1,0,0,1,0,0,0,1,0,0,0,0,1,0,1,1,0,0,0,0,"1-Q20",NA
"70364",8326,0,"C","T",1,4,4735,0.000844772967265,"U","U","U","U","U","U",0,0,0,0,0,0,0,0,0,0,0,0,0,0,0,0,0,0,0,0,0,0,0,0,0,0,0,0,0,0,0,0,0,0,0,0,"1-Q20",NA
"12184",3046,916,"C","T",0,5,5952,0.000840053763441,"S","S","CTG","TTG","L","L",0,1,1,0,0,1,0,0,1,1,0,0,1,0,0,0,0,0,0,1,1,0,0,1,0,0,1,1,0,0,1,0,0,0,0,0,"1-Q20",-1.01449216996762
"49244",3046,849,"C","T",1,5,5952,0.000840053763441,"S","S","GAC","GAT","D","D",1,1,0,0,0,0,1,0,0,0,1,1,0,1,0,0,1,0,1,1,0,0,0,0,1,0,0,0,1,1,0,1,0,0,1,0,"1-Q20",-1.01449216996762
"26707",6677,2126,"A","G",0,4,4796,0.000834028356964,"NS","NS","TAC","TGC","Y","C",0,0,0,1,0,0,0,1,1,1,0,0,1,0,0,0,1,0,0,1,0,0,0,1,0,0,0,0,1,0,1,1,0,0,0,0,"1-Q20",NA
"63767",6677,0,"A","G",1,4,4796,0.000834028356964,"U","U","U","U","U","U",0,0,0,0,0,0,0,0,0,0,0,0,0,0,0,0,0,0,0,0,0,0,0,0,0,0,0,0,0,0,0,0,0,0,0,0,"1-Q20",NA
"33348",8337,2679,"G","T",0,4,4812,0.000831255195345,"NS","C","ATG","ATT","M","I",0,1,0,0,0,1,0,0,1,1,0,0,1,0,0,0,0,0,0,1,1,0,0,1,0,0,1,1,0,0,1,0,0,0,0,0,"1-Q20",NA
"70408",8337,0,"G","T",1,4,4812,0.000831255195345,"U","U","U","U","U","U",0,0,0,0,0,0,0,0,0,0,0,0,0,0,0,0,0,0,0,0,0,0,0,0,0,0,0,0,0,0,0,0,0,0,0,0,"1-Q20",NA
"33356",8339,2680,"C","T",0,4,4847,0.00082525273365,"NS","NS","GCT","GTT","A","V",0,1,1,0,0,1,0,0,1,0,0,0,1,0,0,1,0,0,0,1,1,0,0,1,0,0,1,0,1,0,1,0,0,0,0,0,"1-Q20",NA
"70416",8339,0,"C","T",1,4,4847,0.00082525273365,"U","U","U","U","U","U",0,0,0,0,0,0,0,0,0,0,0,0,0,0,0,0,0,0,0,0,0,0,0,0,0,0,0,0,0,0,0,0,0,0,0,0,"1-Q20",NA
"32968",8242,2648,"G","T",0,4,5102,0.00078400627205,"NS","NS","GAC","TAC","D","Y",1,1,0,0,0,0,1,0,0,0,1,1,0,1,0,0,1,0,0,0,0,1,0,0,0,1,1,1,0,0,1,0,0,0,1,0,"1-Q20",NA
"70028",8242,0,"G","T",1,4,5102,0.00078400627205,"U","U","U","U","U","U",0,0,0,0,0,0,0,0,0,0,0,0,0,0,0,0,0,0,0,0,0,0,0,0,0,0,0,0,0,0,0,0,0,0,0,0,"1-Q20",NA
"28268",7067,2256,"C","T",0,4,5196,0.000769822940724,"NS","NS","ACT","ATT","T","I",0,1,0,0,0,0,0,0,0,0,1,0,1,1,0,0,1,0,0,1,1,0,0,1,0,0,1,1,0,0,1,0,0,0,0,0,"1-Q20",NA
"65328",7067,0,"C","T",1,4,5196,0.000769822940724,"U","U","U","U","U","U",0,0,0,0,0,0,0,0,0,0,0,0,0,0,0,0,0,0,0,0,0,0,0,0,0,0,0,0,0,0,0,0,0,0,0,0,"1-Q20",NA
"33551",8388,2696,"A","G",0,4,5258,0.00076074553062,"S","S","GCA","GCG","A","A",0,1,1,0,0,1,0,0,1,0,0,0,1,0,0,1,0,0,0,1,1,0,0,1,0,0,1,0,0,0,1,0,0,1,0,0,"1-Q20",NA
"70611",8388,0,"A","G",1,4,5258,0.00076074553062,"U","U","U","U","U","U",0,0,0,0,0,0,0,0,0,0,0,0,0,0,0,0,0,0,0,0,0,0,0,0,0,0,0,0,0,0,0,0,0,0,0,0,"1-Q20",NA
"34652",8663,2788,"C","T",0,4,5263,0.000760022800684,"NS","NS","ACA","ATA","T","I",0,1,0,0,0,0,0,0,0,0,1,0,1,1,0,0,1,0,0,1,1,0,0,1,0,0,1,1,0,0,1,0,0,0,0,0,"1-Q20",NA
"71712",8663,0,"C","T",1,4,5263,0.000760022800684,"U","U","U","U","U","U",0,0,0,0,0,0,0,0,0,0,0,0,0,0,0,0,0,0,0,0,0,0,0,0,0,0,0,0,0,0,0,0,0,0,0,0,"1-Q20",NA
"32860",8215,2639,"C","T",0,5,6607,0.000756773119419,"NS","X","CAA","TAA","Q","*",0,1,0,0,0,0,0,0,0,1,0,0,1,1,0,0,1,0,0,0,0,0,0,0,0,0,0,0,0,0,0,0,0,0,0,1,"1-Q20",NA
"69920",8215,0,"C","T",1,5,6607,0.000756773119419,"U","U","U","U","U","U",0,0,0,0,0,0,0,0,0,0,0,0,0,0,0,0,0,0,0,0,0,0,0,0,0,0,0,0,0,0,0,0,0,0,0,0,"1-Q20",NA
"7604",1901,534,"G","T",0,4,5305,0.000754005655042,"NS","NS","GGT","GTT","G","V",0,1,1,0,0,0,0,0,1,0,0,0,1,0,0,1,1,0,0,1,1,0,0,1,0,0,1,0,1,0,1,0,0,0,0,0,"1-Q20",NA
"44664",1901,468,"G","T",1,4,5305,0.000754005655042,"NS","NS","GTT","TTT","V","F",0,1,1,0,0,1,0,0,1,0,1,0,1,0,0,0,0,0,0,0,0,1,0,1,0,1,1,1,0,0,1,0,0,0,0,0,"1-Q20",NA
"32289",8073,2591,"G","A",0,5,6637,0.000753352418261,"S","S","GCG","GCA","A","A",0,1,1,0,0,1,0,0,1,0,0,0,1,0,0,1,0,0,0,1,1,0,0,1,0,0,1,0,0,0,1,0,0,1,0,0,"1-Q20",NA
"69349",8073,0,"G","A",1,5,6637,0.000753352418261,"U","U","U","U","U","U",0,0,0,0,0,0,0,0,0,0,0,0,0,0,0,0,0,0,0,0,0,0,0,0,0,0,0,0,0,0,0,0,0,0,0,0,"1-Q20",NA
"32620",8155,2619,"G","T",0,4,5415,0.000738688827331,"NS","NS","GAT","TAT","D","Y",1,1,0,0,0,0,1,0,0,0,1,1,0,1,0,0,1,0,0,0,0,1,0,0,0,1,1,1,0,0,1,0,0,0,1,0,"1-Q20",NA
"69680",8155,0,"G","T",1,4,5415,0.000738688827331,"U","U","U","U","U","U",0,0,0,0,0,0,0,0,0,0,0,0,0,0,0,0,0,0,0,0,0,0,0,0,0,0,0,0,0,0,0,0,0,0,0,0,"1-Q20",NA
"34700",8675,2792,"G","T",0,4,5440,0.000735294117647,"NS","NS","GGC","GTC","G","V",0,1,1,0,0,0,0,0,1,0,0,0,1,0,0,1,1,0,0,1,1,0,0,1,0,0,1,0,1,0,1,0,0,0,0,0,"1-Q20",NA
"71760",8675,0,"G","T",1,4,5440,0.000735294117647,"U","U","U","U","U","U",0,0,0,0,0,0,0,0,0,0,0,0,0,0,0,0,0,0,0,0,0,0,0,0,0,0,0,0,0,0,0,0,0,0,0,0,"1-Q20",NA
"28516",7129,2277,"C","T",0,4,5545,0.000721370604148,"NS","X","CAA","TAA","Q","*",0,1,0,0,0,0,0,0,0,1,0,0,1,1,0,0,1,0,0,0,0,0,0,0,0,0,0,0,0,0,0,0,0,0,0,1,"1-Q20",NA
"65576",7129,0,"C","T",1,4,5545,0.000721370604148,"U","U","U","U","U","U",0,0,0,0,0,0,0,0,0,0,0,0,0,0,0,0,0,0,0,0,0,0,0,0,0,0,0,0,0,0,0,0,0,0,0,0,"1-Q20",NA
"32632",8158,2620,"G","T",0,4,5576,0.000717360114778,"NS","C","GCT","TCT","A","S",0,1,1,0,0,1,0,0,1,0,0,0,1,0,0,1,0,0,0,1,0,0,0,0,0,0,0,0,0,0,1,1,0,1,1,0,"1-Q20",NA
"69692",8158,0,"G","T",1,4,5576,0.000717360114778,"U","U","U","U","U","U",0,0,0,0,0,0,0,0,0,0,0,0,0,0,0,0,0,0,0,0,0,0,0,0,0,0,0,0,0,0,0,0,0,0,0,0,"1-Q20",NA
"28460",7115,2272,"C","T",0,4,5644,0.000708717221828,"NS","NS","GCT","GTT","A","V",0,1,1,0,0,1,0,0,1,0,0,0,1,0,0,1,0,0,0,1,1,0,0,1,0,0,1,0,1,0,1,0,0,0,0,0,"1-Q20",NA
"65520",7115,0,"C","T",1,4,5644,0.000708717221828,"U","U","U","U","U","U",0,0,0,0,0,0,0,0,0,0,0,0,0,0,0,0,0,0,0,0,0,0,0,0,0,0,0,0,0,0,0,0,0,0,0,0,"1-Q20",NA
"11972",2993,898,"C","T",0,5,7061,0.000708114997876,"NS","NS","ACC","ATC","T","I",0,1,0,0,0,0,0,0,0,0,1,0,1,1,0,0,1,0,0,1,1,0,0,1,0,0,1,1,0,0,1,0,0,0,0,0,"1-Q20",NA
"49032",2993,832,"C","T",1,5,7061,0.000708114997876,"NS","NC","CCG","TCG","P","S",0,0,0,0,0,0,0,1,1,0,1,0,1,0,0,0,1,0,0,1,0,0,0,0,0,0,0,0,0,0,1,1,0,1,1,0,"1-Q20",NA
"7412",1853,518,"C","T",0,4,5685,0.000703605980651,"NS","NS","GCA","GTA","A","V",0,1,1,0,0,1,0,0,1,0,0,0,1,0,0,1,0,0,0,1,1,0,0,1,0,0,1,0,1,0,1,0,0,0,0,0,"1-Q20",NA
"44472",1853,452,"C","T",1,4,5685,0.000703605980651,"NS","X","CAA","TAA","Q","*",0,1,0,0,0,0,0,0,0,1,0,0,1,1,0,0,1,0,0,0,0,0,0,0,0,0,0,0,0,0,0,0,0,0,0,1,"1-Q20",NA
"32172",8043,2581,"C","T",0,4,5704,0.00070126227209,"S","S","TAC","TAT","Y","Y",0,0,0,1,0,0,0,1,1,1,0,0,1,0,0,0,1,0,0,0,0,1,0,0,0,1,1,1,0,0,1,0,0,0,1,0,"1-Q20",NA
"69232",8043,0,"C","T",1,4,5704,0.00070126227209,"U","U","U","U","U","U",0,0,0,0,0,0,0,0,0,0,0,0,0,0,0,0,0,0,0,0,0,0,0,0,0,0,0,0,0,0,0,0,0,0,0,0,"1-Q20",NA
"33468",8367,2689,"C","T",0,4,5731,0.000697958471471,"S","S","GAC","GAT","D","D",1,1,0,0,0,0,1,0,0,0,1,1,0,1,0,0,1,0,1,1,0,0,0,0,1,0,0,0,1,1,0,1,0,0,1,0,"1-Q20",NA
"70528",8367,0,"C","T",1,4,5731,0.000697958471471,"U","U","U","U","U","U",0,0,0,0,0,0,0,0,0,0,0,0,0,0,0,0,0,0,0,0,0,0,0,0,0,0,0,0,0,0,0,0,0,0,0,0,"1-Q20",NA
"18772",4693,1465,"C","T",0,4,5751,0.000695531211963,"NS","X","CGA","TGA","R","*",0,1,0,0,1,0,1,0,0,1,0,0,0,1,1,0,1,0,0,0,0,0,0,0,0,0,0,0,0,0,0,0,0,0,0,1,"1-Q20",NA
"55832",4693,0,"C","T",1,4,5751,0.000695531211963,"U","U","U","U","U","U",0,0,0,0,0,0,0,0,0,0,0,0,0,0,0,0,0,0,0,0,0,0,0,0,0,0,0,0,0,0,0,0,0,0,0,0,"1-Q20",NA
"7480",1870,524,"C","T",0,4,5793,0.000690488520628,"S","S","CTA","TTA","L","L",0,1,1,0,0,1,0,0,1,1,0,0,1,0,0,0,0,0,0,1,1,0,0,1,0,0,1,1,0,0,1,0,0,0,0,0,"1-Q20",NA
"44540",1870,457,"C","T",1,4,5793,0.000690488520628,"S","S","CTC","CTT","L","L",0,1,1,0,0,1,0,0,1,1,0,0,1,0,0,0,0,0,0,1,1,0,0,1,0,0,1,1,0,0,1,0,0,0,0,0,"1-Q20",NA
"32644",8161,2621,"C","T",0,4,5803,0.000689298638635,"NS","NC","CGT","TGT","R","C",0,1,0,0,1,0,1,0,0,1,0,0,0,1,1,0,1,0,0,1,0,0,0,1,0,0,0,0,1,0,1,1,0,0,0,0,"1-Q20",NA
"69704",8161,0,"C","T",1,4,5803,0.000689298638635,"U","U","U","U","U","U",0,0,0,0,0,0,0,0,0,0,0,0,0,0,0,0,0,0,0,0,0,0,0,0,0,0,0,0,0,0,0,0,0,0,0,0,"1-Q20",NA
"28536",7134,2278,"C","T",0,4,5824,0.000686813186813,"S","S","CTC","CTT","L","L",0,1,1,0,0,1,0,0,1,1,0,0,1,0,0,0,0,0,0,1,1,0,0,1,0,0,1,1,0,0,1,0,0,0,0,0,"1-Q20",NA
"65596",7134,0,"C","T",1,4,5824,0.000686813186813,"U","U","U","U","U","U",0,0,0,0,0,0,0,0,0,0,0,0,0,0,0,0,0,0,0,0,0,0,0,0,0,0,0,0,0,0,0,0,0,0,0,0,"1-Q20",NA
"18708",4677,1459,"C","T",0,4,5859,0.00068271036013,"S","S","TGC","TGT","C","C",0,1,0,0,0,1,0,0,0,0,1,0,1,1,0,0,0,0,0,1,0,0,0,1,0,0,0,0,1,0,1,1,0,0,0,0,"1-Q20",NA
"55768",4677,0,"C","T",1,4,5859,0.00068271036013,"U","U","U","U","U","U",0,0,0,0,0,0,0,0,0,0,0,0,0,0,0,0,0,0,0,0,0,0,0,0,0,0,0,0,0,0,0,0,0,0,0,0,"1-Q20",NA
"18748",4687,1463,"C","T",0,4,5871,0.00068131493783,"NS","X","CGA","TGA","R","*",0,1,0,0,1,0,1,0,0,1,0,0,0,1,1,0,1,0,0,0,0,0,0,0,0,0,0,0,0,0,0,0,0,0,0,1,"1-Q20",NA
"55808",4687,0,"C","T",1,4,5871,0.00068131493783,"U","U","U","U","U","U",0,0,0,0,0,0,0,0,0,0,0,0,0,0,0,0,0,0,0,0,0,0,0,0,0,0,0,0,0,0,0,0,0,0,0,0,"1-Q20",NA
"33604",8401,2701,"C","T",0,4,5985,0.000668337510443,"NS","X","CAG","TAG","Q","*",0,1,0,0,0,0,0,0,0,1,0,0,1,1,0,0,1,0,0,0,0,0,0,0,0,0,0,0,0,0,0,0,0,0,0,1,"1-Q20",NA
"70664",8401,0,"C","T",1,4,5985,0.000668337510443,"U","U","U","U","U","U",0,0,0,0,0,0,0,0,0,0,0,0,0,0,0,0,0,0,0,0,0,0,0,0,0,0,0,0,0,0,0,0,0,0,0,0,"1-Q20",NA
"32735",8184,2628,"T","G",0,4,6029,0.000663459943606,"S","S","GGT","GGG","G","G",0,1,1,0,0,0,0,0,1,0,0,0,1,0,0,1,1,0,0,1,1,0,0,0,0,0,1,0,0,0,1,0,0,1,1,0,"1-Q20",-1.02998116293695
"69795",8184,0,"T","G",1,4,6029,0.000663459943606,"U","U","U","U","U","U",0,0,0,0,0,0,0,0,0,0,0,0,0,0,0,0,0,0,0,0,0,0,0,0,0,0,0,0,0,0,0,0,0,0,0,0,"1-Q20",-1.02998116293695
"30388",7597,2433,"C","T",0,4,6112,0.00065445026178,"NS","NS","CAT","TAT","H","Y",0,0,0,1,1,0,1,1,0,1,0,0,1,1,1,0,1,0,0,0,0,1,0,0,0,1,1,1,0,0,1,0,0,0,1,0,"1-Q20",NA
"67448",7597,0,"C","T",1,4,6112,0.00065445026178,"U","U","U","U","U","U",0,0,0,0,0,0,0,0,0,0,0,0,0,0,0,0,0,0,0,0,0,0,0,0,0,0,0,0,0,0,0,0,0,0,0,0,"1-Q20",NA
"11940",2985,895,"C","T",0,4,6306,0.000634316523945,"S","S","TAC","TAT","Y","Y",0,0,0,1,0,0,0,1,1,1,0,0,1,0,0,0,1,0,0,0,0,1,0,0,0,1,1,1,0,0,1,0,0,0,1,0,"1-Q20",NA
"49000",2985,829,"C","T",1,4,6306,0.000634316523945,"NS","NS","ACA","ATA","T","I",0,1,0,0,0,0,0,0,0,0,1,0,1,1,0,0,1,0,0,1,1,0,0,1,0,0,1,1,0,0,1,0,0,0,0,0,"1-Q20",NA
"32872",8218,2640,"C","T",0,4,6327,0.000632211158527,"NS","NS","CAT","TAT","H","Y",0,0,0,1,1,0,1,1,0,1,0,0,1,1,1,0,1,0,0,0,0,1,0,0,0,1,1,1,0,0,1,0,0,0,1,0,"1-Q20",NA
"69932",8218,0,"C","T",1,4,6327,0.000632211158527,"U","U","U","U","U","U",0,0,0,0,0,0,0,0,0,0,0,0,0,0,0,0,0,0,0,0,0,0,0,0,0,0,0,0,0,0,0,0,0,0,0,0,"1-Q20",NA
"28672",7168,2290,"C","T",0,4,6423,0.000622761949245,"NS","X","CAA","TAA","Q","*",0,1,0,0,0,0,0,0,0,1,0,0,1,1,0,0,1,0,0,0,0,0,0,0,0,0,0,0,0,0,0,0,0,0,0,1,"1-Q20",NA
"65732",7168,0,"C","T",1,4,6423,0.000622761949245,"U","U","U","U","U","U",0,0,0,0,0,0,0,0,0,0,0,0,0,0,0,0,0,0,0,0,0,0,0,0,0,0,0,0,0,0,0,0,0,0,0,0,"1-Q20",NA
"30498",7625,2442,"G","C",0,4,6463,0.000618907628037,"NS","NS","GGT","GCT","G","A",0,1,1,0,0,0,0,0,1,0,0,0,1,0,0,1,1,0,0,1,1,0,0,1,0,0,1,0,0,0,1,0,0,1,0,0,"1-Q20",NA
"67558",7625,0,"G","C",1,4,6463,0.000618907628037,"U","U","U","U","U","U",0,0,0,0,0,0,0,0,0,0,0,0,0,0,0,0,0,0,0,0,0,0,0,0,0,0,0,0,0,0,0,0,0,0,0,0,"1-Q20",NA
"32278",8070,2590,"T","C",0,4,6607,0.000605418495535,"S","S","GAT","GAC","D","D",1,1,0,0,0,0,1,0,0,0,1,1,0,1,0,0,1,0,1,1,0,0,0,0,1,0,0,0,1,1,0,1,0,0,1,0,"1-Q20",NA
"69338",8070,0,"T","C",1,4,6607,0.000605418495535,"U","U","U","U","U","U",0,0,0,0,0,0,0,0,0,0,0,0,0,0,0,0,0,0,0,0,0,0,0,0,0,0,0,0,0,0,0,0,0,0,0,0,"1-Q20",NA
"30443",7611,2437,"A","G",0,4,6785,0.000589535740604,"S","S","GTA","GTG","V","V",0,1,1,0,0,1,0,0,1,0,1,0,1,0,0,0,0,0,0,1,1,0,0,1,0,0,1,0,1,0,1,0,0,0,0,0,"1-Q20",NA
"67503",7611,0,"A","G",1,4,6785,0.000589535740604,"U","U","U","U","U","U",0,0,0,0,0,0,0,0,0,0,0,0,0,0,0,0,0,0,0,0,0,0,0,0,0,0,0,0,0,0,0,0,0,0,0,0,"1-Q20",NA
"27813",6954,2218,"G","A",0,4,6821,0.000586424277965,"S","S","GTG","GTA","V","V",0,1,1,0,0,1,0,0,1,0,1,0,1,0,0,0,0,0,0,1,1,0,0,1,0,0,1,0,1,0,1,0,0,0,0,0,"1-Q20",NA
"64873",6954,0,"G","A",1,4,6821,0.000586424277965,"U","U","U","U","U","U",0,0,0,0,0,0,0,0,0,0,0,0,0,0,0,0,0,0,0,0,0,0,0,0,0,0,0,0,0,0,0,0,0,0,0,0,"1-Q20",NA
"27692",6923,2208,"C","T",0,4,7016,0.000570125427594,"NS","NS","ACT","ATT","T","I",0,1,0,0,0,0,0,0,0,0,1,0,1,1,0,0,1,0,0,1,1,0,0,1,0,0,1,1,0,0,1,0,0,0,0,0,"1-Q20",NA
"64752",6923,0,"C","T",1,4,7016,0.000570125427594,"U","U","U","U","U","U",0,0,0,0,0,0,0,0,0,0,0,0,0,0,0,0,0,0,0,0,0,0,0,0,0,0,0,0,0,0,0,0,0,0,0,0,"1-Q20",NA
"11976",2994,898,"C","T",0,4,7059,0.000566652500354,"S","S","ACC","ACT","T","T",0,1,0,0,0,0,0,0,0,0,1,0,1,1,0,0,1,0,0,1,0,0,0,0,0,0,0,0,1,0,1,1,0,0,1,0,"1-Q20",-1.01269168340318
"49036",2994,832,"C","T",1,4,7059,0.000566652500354,"NS","C","CCG","CTG","P","L",0,0,0,0,0,0,0,1,1,0,1,0,1,0,0,0,1,0,0,1,1,0,0,1,0,0,1,1,0,0,1,0,0,0,0,0,"1-Q20",-1.01269168340318
"32800",8200,2634,"C","T",0,4,7109,0.000562667041778,"NS","X","CAA","TAA","Q","*",0,1,0,0,0,0,0,0,0,1,0,0,1,1,0,0,1,0,0,0,0,0,0,0,0,0,0,0,0,0,0,0,0,0,0,1,"1-Q20",NA
"69860",8200,0,"C","T",1,4,7109,0.000562667041778,"U","U","U","U","U","U",0,0,0,0,0,0,0,0,0,0,0,0,0,0,0,0,0,0,0,0,0,0,0,0,0,0,0,0,0,0,0,0,0,0,0,0,"1-Q20",NA
